-- phpMyAdmin SQL Dump
-- version 5.2.0
-- https://www.phpmyadmin.net/
--
-- Host: 127.0.0.1
-- Generation Time: Jun 23, 2023 at 03:20 PM
-- Server version: 10.4.27-MariaDB
-- PHP Version: 8.0.25

SET SQL_MODE = "NO_AUTO_VALUE_ON_ZERO";
START TRANSACTION;
SET time_zone = "+00:00";


/*!40101 SET @OLD_CHARACTER_SET_CLIENT=@@CHARACTER_SET_CLIENT */;
/*!40101 SET @OLD_CHARACTER_SET_RESULTS=@@CHARACTER_SET_RESULTS */;
/*!40101 SET @OLD_COLLATION_CONNECTION=@@COLLATION_CONNECTION */;
/*!40101 SET NAMES utf8mb4 */;

--
-- Database: `perpustakaan_kebumen`
--

DELIMITER $$
--
-- Procedures
--
CREATE DEFINER=`root`@`localhost` PROCEDURE `kondisi_koleksi` (`kondisi_koleksi` VARCHAR(50))   BEGIN
		SELECT * FROM peminjaman WHERE kondisi = kondisi_koleksi;
	END$$

CREATE DEFINER=`root`@`localhost` PROCEDURE `show_pemesanan_by_month` (`bulan` TINYINT)   BEGIN
		SELECT * FROM pemesanan WHERE MONTH(tgl_pemesanan) = bulan;
	END$$

CREATE DEFINER=`root`@`localhost` PROCEDURE `show_peminjaman_by_month` (`bulan` TINYINT)   BEGIN
		SELECT * FROM peminjaman WHERE MONTH(tgl_peminjaman) = bulan;
	END$$

CREATE DEFINER=`root`@`localhost` PROCEDURE `show_pengembalian_by_month` (`bulan` TINYINT)   BEGIN
		SELECT * FROM peminjaman WHERE MONTH(tgl_kembali) = bulan;
	END$$

--
-- Functions
--
CREATE DEFINER=`root`@`localhost` FUNCTION `perhitungan_denda` (`nominal` INT, `hari_terlambat` INT) RETURNS INT(11)  BEGIN
	DECLARE denda INT;
	SET denda = nominal * hari_terlambat;
	RETURN denda;
    END$$

CREATE DEFINER=`root`@`localhost` FUNCTION `perhitungan_hari_pengembalian_buku` (`tgl_kembali` DATE, `tgl_peminjaman` DATE) RETURNS INT(11)  BEGIN
	DECLARE hari_terlambat int;
	set hari_terlambat = datediff(tgl_kembali,tgl_peminjaman);
	RETURN hari_terlambat;
    END$$

DELIMITER ;

-- --------------------------------------------------------

--
-- Table structure for table `cart`
--

CREATE TABLE `cart` (
  `id_cart` int(11) NOT NULL,
  `nomor_induk` char(12) NOT NULL,
  `jumlah` char(5) NOT NULL,
  `id_pemustaka` char(12) NOT NULL
) ENGINE=InnoDB DEFAULT CHARSET=utf8mb4 COLLATE=utf8mb4_general_ci;

-- --------------------------------------------------------

--
-- Stand-in structure for view `detail_pelanggaran`
-- (See below for the actual view)
--
CREATE TABLE `detail_pelanggaran` (
`kd_peminjaman` char(12)
,`id` char(12)
,`tgl_peminjaman` datetime
,`tgl_jatuh_tempo` datetime
,`tgl_kembali` datetime
,`status` enum('Pinjam','Kembali')
,`hari_terlambat` int(11)
,`jml_denda` int(11)
);

-- --------------------------------------------------------

--
-- Stand-in structure for view `detail_pemesanan`
-- (See below for the actual view)
--
CREATE TABLE `detail_pemesanan` (
`kd_pemesanan` char(12)
,`kd_metode_sirkulasi` char(12)
,`id` char(12)
,`tgl_pemesanan` datetime
,`tgl_batas_pemesanan` datetime
,`status` enum('Pesan','Pinjam','Batal')
);

-- --------------------------------------------------------

--
-- Stand-in structure for view `detail_peminjaman`
-- (See below for the actual view)
--
CREATE TABLE `detail_peminjaman` (
`kd_peminjaman` char(12)
,`tgl_peminjaman` datetime
,`tgl_jatuh_tempo` datetime
,`status` enum('Pinjam','Kembali')
);

-- --------------------------------------------------------

--
-- Stand-in structure for view `detail_pengembalian`
-- (See below for the actual view)
--
CREATE TABLE `detail_pengembalian` (
`kd_peminjaman` char(12)
,`id` char(12)
,`tgl_peminjaman` datetime
,`tgl_jatuh_tempo` datetime
,`tgl_kembali` datetime
,`kondisi` enum('Baik','Rusak')
,`status` enum('Pinjam','Kembali')
);

-- --------------------------------------------------------

--
-- Table structure for table `jenis_koleksi`
--

CREATE TABLE `jenis_koleksi` (
  `kd_jenis_koleksi` char(12) NOT NULL,
  `nama_jenis_koleksi` varchar(50) DEFAULT NULL
) ENGINE=InnoDB DEFAULT CHARSET=utf8mb4 COLLATE=utf8mb4_general_ci;

--
-- Dumping data for table `jenis_koleksi`
--

INSERT INTO `jenis_koleksi` (`kd_jenis_koleksi`, `nama_jenis_koleksi`) VALUES
('DGG', 'Dongeng'),
('MJL', 'Majalah'),
('ORG', 'Olahraga'),
('PDK', 'Pendidikan'),
('REF', 'Referensi');

-- --------------------------------------------------------

--
-- Table structure for table `koleksi`
--

CREATE TABLE `koleksi` (
  `nomor_induk` char(12) NOT NULL,
  `kd_jenis_koleksi` char(12) DEFAULT NULL,
  `judul` varchar(100) DEFAULT NULL,
  `pengarang` varchar(50) DEFAULT NULL,
  `penerbit` varchar(50) DEFAULT NULL,
  `subjek` varchar(50) DEFAULT NULL,
  `isbn` char(13) DEFAULT NULL,
  `tempat_terbit` varchar(50) DEFAULT NULL,
  `tahun_terbit` char(4) DEFAULT NULL,
  `edisi` char(3) DEFAULT NULL,
  `jml_halaman` char(5) DEFAULT NULL,
  `tgl_pengadaan` date DEFAULT NULL,
  `stok` int(11) DEFAULT NULL,
  `gambar` varchar(255) DEFAULT NULL
) ENGINE=InnoDB DEFAULT CHARSET=utf8mb4 COLLATE=utf8mb4_general_ci;

--
-- Dumping data for table `koleksi`
--

INSERT INTO `koleksi` (`nomor_induk`, `kd_jenis_koleksi`, `judul`, `pengarang`, `penerbit`, `subjek`, `isbn`, `tempat_terbit`, `tahun_terbit`, `edisi`, `jml_halaman`, `tgl_pengadaan`, `stok`, `gambar`) VALUES
('511281122003', 'MJL', 'Tabloid Kecantikan', 'Efendi Ningrat', 'Erlangga', 'Fashion', '6172623882829', 'Jakarta', '2019', '1', '129', '2023-05-31', 18, 'gambar_buku/Tabloid Kecantikan.jpg'),
('511281122004', 'MJL', 'Beauty Care', 'Ningsih Nurulia', 'Erlangga', 'Fashion', '6172623882223', 'Jakarta', '2020', '1', '67', '2023-05-31', 45, 'gambar_buku/beauty skin.jpg'),
('511281122005', 'MJL', 'Seberapa Aktif dan Kreatif Kamu?', 'Bobo', 'Bobo', 'Cerita Anak-anak', '6478328228982', 'Jakarta', '2010', '1', '45', '2023-05-31', 20, 'gambar_buku/Seberapa AktifdanKreatif Kamu.jpg'),
('711281122001', 'REF', 'Ensiklopedi', 'Tim Ensiklopedi Indonesia', 'Ensiklopedia Indonesia', 'Pengetahuan Alam', '9786028519939', 'Bandung', '2007', '1', '192', '2022-10-19', 18, NULL),
('711281122002', 'REF', 'Kamus Besar Bahasa Indonesia', 'Departemen Pendidikan Nasional', 'Gramedia Pustaka Utam', 'Kamus', '9789792238419', 'Jakarta', '2008', '1', '1698', '2022-02-01', 998, NULL),
('811281122001', 'PDK', 'Ilmu Pengetahuan Alam Kelas V', 'Haja Anuara', 'Cahaya Bintang', 'Teori IPA', NULL, 'Jakarta', '2012', '1', '288', '2021-06-01', 94, NULL),
('811281122002', 'PDK', 'Pendidikan Agama Buddha dan Budi Pekerti untuk SD Kelas IV', 'Suyatno, Rustam', 'Pusat Kurikulum dan Perbukuan', 'Agama Budha', '9786022444886', 'Jakarta', '2019', '1', '162', '2022-02-01', 99, NULL),
('811281122003', 'PDK', 'IPAS SD KELAS IV', 'Amalia Fitri', 'Pusat Kurikulum dan Perbukuan', 'Teori IPA', '9786022443735', 'Jakarta', '2020', '1', '52', '2022-02-01', 79, NULL),
('811281122004', 'PDK', 'Bahasa Indonesia kelas XI', 'Suherli, Maman Suyarman, Aji septiaji, Istiqomah', 'Pusat Kurikulum dan Perbukuan', 'Teori Bahasa Indonesia', '9786024270988', 'Jakarta', '2017', '1', '125', '2022-02-01', 1917, NULL),
('811281122005', 'PDK', 'Pendidikan Pancasila dan Kewarganegaraan Kelas XI', 'Yusnawan Lubis Mohamad Sodeli', 'Pusat Kurikulum dan Perbukuan, Balitbang, Kemendik', 'Teori PPKN', '9786024270926', 'Jakarta', '2017', '1', '129', '2022-02-01', 21, NULL),
('911281122001', 'DGG', 'Si Kancil', 'Sleia Monica', 'Nusantara', 'Fiksi Indoensia', NULL, 'Jakarta', '2008', '1', '42', '2022-02-01', 17, NULL),
('911281122002', 'DGG', 'Pencuri Durian Yang Malang', 'Bukhori', 'Nusantara', 'Fiksi Indoensia', NULL, 'Jakarta', '2008', '1', '42', '2022-02-01', 17, NULL),
('911281122005', 'DGG', 'Cookie Run Sweet Escape Adventure! - Science Dunia', 'Seoul Cultural Publisher, Inc.', 'Elex Media Komputindo', 'Fiksi Indoensia', '9786230005374', 'Jakarta', '2019', '1', '52', '2022-02-01', 158, NULL);

--
-- Triggers `koleksi`
--
DELIMITER $$
CREATE TRIGGER `delete_koleksi` BEFORE DELETE ON `koleksi` FOR EACH ROW BEGIN
    INSERT INTO log_delete_koleksi SET nomor_induk = old.nomor_induk,
	judul = old.judul,
	pengarang = old.pengarang,
	penerbit = old.penerbit,
	subjek = old.subjek,
	isbn = old.isbn,
	tempat_terbit = old.tempat_terbit,
	tahun_terbit = old.tahun_terbit,
	edisi = old.edisi,
	jml_halaman = old.jml_halaman,
	tgl_pengadaan = old.tgl_pengadaan,
	stok = old.stok,
	waktu = NOW();
    END
$$
DELIMITER ;
DELIMITER $$
CREATE TRIGGER `perhitungan_stok` AFTER UPDATE ON `koleksi` FOR EACH ROW BEGIN
	INSERT INTO log_koleksi SET nomor_induk = old.nomor_induk,
	stok_lama = old.stok,
	stok_baru = new.stok,
	waktu = NOW();
	
    END
$$
DELIMITER ;

-- --------------------------------------------------------

--
-- Table structure for table `log_delete_koleksi`
--

CREATE TABLE `log_delete_koleksi` (
  `nomor_induk` char(12) DEFAULT NULL,
  `judul` varchar(50) DEFAULT NULL,
  `pengarang` varchar(50) DEFAULT NULL,
  `penerbit` varchar(50) DEFAULT NULL,
  `subjek` varchar(50) DEFAULT NULL,
  `isbn` char(13) DEFAULT NULL,
  `tempat_terbit` varchar(50) DEFAULT NULL,
  `tahun_terbit` char(4) DEFAULT NULL,
  `edisi` char(3) DEFAULT NULL,
  `jml_halaman` char(5) DEFAULT NULL,
  `tgl_pengadaan` date DEFAULT NULL,
  `stok` int(11) DEFAULT NULL,
  `waktu` timestamp NULL DEFAULT NULL
) ENGINE=InnoDB DEFAULT CHARSET=utf8mb4 COLLATE=utf8mb4_general_ci;

--
-- Dumping data for table `log_delete_koleksi`
--

INSERT INTO `log_delete_koleksi` (`nomor_induk`, `judul`, `pengarang`, `penerbit`, `subjek`, `isbn`, `tempat_terbit`, `tahun_terbit`, `edisi`, `jml_halaman`, `tgl_pengadaan`, `stok`, `waktu`) VALUES
('911281122004', 'Dongeng Karakter Positif PAUD: Bawang Merah Mencar', 'Heru Kurniawan & Endah Kusumaningrum', 'Bhuana Ilmu Populer', 'Fiksi Indoensia', '9786230405013', 'Jakarta', '2021', '1', '52', '2022-02-01', 20, '2023-01-10 00:14:55'),
('611281122002', 'Nocturnal Journal', 'Sam Haidy', 'Indie Book Corner', 'Jurnal Puisi', '9786027673687', 'Yogyakarta', '2014', '1', '52', '2022-02-01', 1698, '2023-03-22 17:36:51'),
('000', '000', '0', '0', '0', '00', '0', '0', '0', '0', '0000-00-00', 11, '2023-03-22 17:49:38'),
('', '00', '00', '0', '0', '0', '0', '0', '0', '0', '0011-11-11', 0, '2023-03-22 17:49:45'),
('000', '0', '0', '0', '0', '00', '0', '0', '0', '0', '0001-01-01', 0, '2023-03-22 18:05:30'),
('000', 'IYAA', 'k', '0', '0', '1', '0', '0', '0', '0', '2023-03-28', 12, '2023-03-27 18:24:24'),
('089', 'joakwa', 'okok', 'ko', 'okok9', '9', '9', '9', '9', '9', '2023-04-03', 9, '2023-04-02 18:34:40'),
('092', 'cindo', 'nndn', 'dndn', 'ndndn', '3123131231', 'ndndn', '8', '9', '8', '2023-04-03', 8, '2023-04-14 16:35:30'),
('siuu', 'siuu', 'siuu', 'siuu', 'siuu', 'siuu', 'siuu', '1', '1', '1', '2023-05-07', 1, '2023-05-15 13:53:12'),
('09', '09', '09', '0', '0', '0', '0', '0', '0', '0', '2023-05-24', 99924, '2023-05-29 04:06:25'),
('1', '1', '1', '1', '1', '1', '1', '1', '1', '1', '2023-05-24', 99975, '2023-05-29 04:06:25'),
('111', 'Hukuman Korputor', 'Jaka', 'Erlangga', 'Hukum', '123456', 'Jakarta', '2010', '1', '121', '2023-05-18', 82, '2023-05-29 04:06:25'),
('121', 'Sangkuriang', 'Una', 'Erlangga', 'Bola', '123456', 'Jakarta', '2010', '1', '99', '2023-05-18', 83, '2023-05-29 04:06:25'),
('122', 'Marhatan', 'Juki', '919', '91919', '19191', '1919', '2019', '1', '1', '2023-05-05', 9999954, '2023-05-29 04:06:25'),
('192', '1', '1', '1', '1', '1', '1', '1', '1', '1', '2023-05-25', 94, '2023-05-29 04:06:25'),
('2', '2', '2', '2', '2', '2', '2', '2', '2', '2', '2023-05-24', 1, '2023-05-29 04:06:25'),
('78', '00', '0', '0', '0', '0', '0', '0', '0', '0', '2023-05-24', 966, '2023-05-29 04:06:30'),
('511281122002', 'Majalah Kabari', 'Frans Budy', 'California Media International, Inc', 'Gaya Hidup', NULL, 'California', '2007', '98', '119', '2022-02-01', 989, '2023-05-30 18:55:22');

-- --------------------------------------------------------

--
-- Table structure for table `log_koleksi`
--

CREATE TABLE `log_koleksi` (
  `nomor_induk` char(12) DEFAULT NULL,
  `stok_lama` int(11) DEFAULT NULL,
  `stok_baru` int(11) DEFAULT NULL,
  `waktu` timestamp NOT NULL DEFAULT current_timestamp() ON UPDATE current_timestamp()
) ENGINE=InnoDB DEFAULT CHARSET=utf8mb4 COLLATE=utf8mb4_general_ci;

--
-- Dumping data for table `log_koleksi`
--

INSERT INTO `log_koleksi` (`nomor_induk`, `stok_lama`, `stok_baru`, `waktu`) VALUES
('711281122001', 50, 49, '2023-03-23 19:06:08'),
('711281122001', 49, 48, '2023-03-23 19:07:48'),
('711281122001', 48, 47, '2023-03-23 19:08:40'),
('711281122002', 52, 51, '2023-03-28 14:57:53'),
('711281122002', 51, 50, '2023-03-28 18:45:28'),
('711281122002', 50, 49, '2023-03-28 18:45:28'),
('711281122002', 49, 48, '2023-04-01 18:08:56'),
('711281122002', 48, 47, '2023-04-01 18:08:56'),
('711281122002', 47, 46, '2023-04-01 18:11:42'),
('711281122002', 46, 45, '2023-04-01 18:11:42'),
('711281122002', 45, 44, '2023-04-01 18:14:25'),
('711281122002', 44, 43, '2023-04-01 18:14:25'),
('711281122002', 43, 42, '2023-04-01 18:15:23'),
('711281122002', 42, 41, '2023-04-01 18:15:23'),
('711281122002', 41, 40, '2023-04-01 18:17:37'),
('711281122002', 40, 39, '2023-04-01 18:17:37'),
('711281122002', 39, 38, '2023-04-01 18:20:19'),
('711281122002', 38, 37, '2023-04-01 18:20:19'),
('711281122002', 37, 36, '2023-04-01 18:30:45'),
('711281122002', 36, 35, '2023-04-01 18:30:45'),
('711281122002', 35, 34, '2023-04-01 18:48:41'),
('711281122002', 34, 33, '2023-04-01 18:48:41'),
('711281122002', 33, 32, '2023-04-01 19:06:47'),
('711281122002', 32, 31, '2023-04-01 19:06:47'),
('711281122002', 31, 30, '2023-04-01 19:11:47'),
('711281122002', 30, 29, '2023-04-01 19:11:47'),
('711281122002', 29, 28, '2023-04-01 20:10:09'),
('711281122002', 28, 27, '2023-04-01 20:14:51'),
('811281122001', 28, 27, '2023-04-01 20:14:51'),
('711281122002', 27, 28, '2023-04-01 20:50:48'),
('711281122002', 28, 29, '2023-04-01 20:50:48'),
('711281122002', 29, 30, '2023-04-02 18:14:43'),
('711281122002', 30, 29, '2023-04-07 19:43:12'),
('711281122002', 29, 28, '2023-04-09 15:03:16'),
('711281122002', 28, 27, '2023-04-12 19:30:48'),
('811281122001', 27, 26, '2023-04-12 19:30:48'),
('711281122002', 27, 28, '2023-04-12 19:32:17'),
('811281122001', 26, 27, '2023-04-12 19:32:17'),
('711281122002', 28, 27, '2023-04-13 15:27:57'),
('811281122001', 27, 26, '2023-04-13 15:47:22'),
('711281122002', 27, 26, '2023-04-13 16:38:49'),
('711281122002', 26, 25, '2023-04-13 19:07:20'),
('711281122002', 25, 24, '2023-04-13 19:08:01'),
('711281122002', 24, 23, '2023-04-13 19:08:36'),
('711281122002', 23, 22, '2023-04-13 19:11:41'),
('711281122002', 22, 21, '2023-04-13 19:12:22'),
('711281122002', 21, 20, '2023-04-13 19:12:36'),
('711281122002', 20, 19, '2023-04-13 19:12:53'),
('711281122002', 19, 18, '2023-04-14 17:00:26'),
('811281122001', 26, 25, '2023-04-15 00:14:10'),
('811281122001', 25, 24, '2023-04-15 01:21:53'),
('811281122001', 24, 23, '2023-04-15 01:22:41'),
('711281122002', 18, 17, '2023-04-15 01:36:09'),
('711281122002', 17, 18, '2023-04-15 01:52:08'),
('711281122002', 18, 19, '2023-04-15 01:52:08'),
('811281122001', 23, 22, '2023-04-15 01:52:41'),
('711281122002', 19, 18, '2023-04-15 01:52:41'),
('811281122001', 22, 23, '2023-04-15 01:52:56'),
('811281122001', 23, 24, '2023-04-15 01:52:56'),
('711281122002', 18, 17, '2023-04-15 01:55:57'),
('811281122001', 24, 23, '2023-04-15 01:55:57'),
('711281122002', 17, 18, '2023-04-15 01:56:36'),
('711281122002', 18, 19, '2023-04-15 01:56:36'),
('811281122002', 34, 33, '2023-04-15 11:04:25'),
('811281122002', 33, 34, '2023-04-15 11:04:44'),
('811281122002', 34, 35, '2023-04-15 11:04:44'),
('711281122002', 19, 18, '2023-04-15 11:09:19'),
('711281122002', 18, 19, '2023-04-15 11:09:40'),
('711281122002', 19, 18, '2023-04-15 11:27:09'),
('711281122002', 18, 19, '2023-04-15 11:27:21'),
('711281122002', 19, 20, '2023-04-15 11:32:22'),
('711281122002', 20, 21, '2023-04-15 11:33:49'),
('711281122002', 21, 22, '2023-04-15 11:33:49'),
('711281122002', 22, 23, '2023-04-15 11:34:46'),
('711281122002', 23, 24, '2023-04-15 11:34:46'),
('811281122001', 23, 22, '2023-04-15 11:34:56'),
('811281122001', 22, 23, '2023-04-15 11:35:11'),
('811281122001', 23, 22, '2023-04-15 11:36:47'),
('811281122001', 22, 23, '2023-04-15 11:37:49'),
('711281122002', 24, 23, '2023-04-15 11:38:46'),
('711281122002', 23, 24, '2023-04-15 11:39:13'),
('711281122002', 24, 23, '2023-04-15 23:16:58'),
('711281122002', 23, 22, '2023-04-15 23:16:58'),
('711281122002', 22, 21, '2023-04-15 23:17:39'),
('711281122002', 21, 20, '2023-04-15 23:17:39'),
('711281122002', 20, 19, '2023-04-15 23:44:58'),
('711281122002', 19, 18, '2023-04-15 23:44:58'),
('711281122002', 18, 17, '2023-04-15 23:46:13'),
('811281122001', 23, 22, '2023-04-15 23:46:13'),
('711281122002', 17, 16, '2023-04-15 23:46:44'),
('811281122001', 22, 21, '2023-04-15 23:46:44'),
('711281122002', 16, 15, '2023-04-16 17:22:14'),
('711281122002', 15, 16, '2023-04-16 17:22:44'),
('711281122002', 16, 17, '2023-04-16 17:47:53'),
('811281122001', 21, 20, '2023-04-16 17:49:02'),
('811281122001', 20, 21, '2023-04-16 17:49:19'),
('711281122002', 17, 16, '2023-04-16 17:50:58'),
('711281122002', 16, 17, '2023-04-16 17:51:17'),
('711281122002', 17, 18, '2023-04-16 17:53:38'),
('711281122002', 18, 17, '2023-04-16 17:54:47'),
('711281122002', 17, 18, '2023-04-16 17:55:06'),
('711281122002', 18, 19, '2023-04-27 22:05:35'),
('711281122002', 19, 18, '2023-04-29 12:48:20'),
('811281122001', 21, 20, '2023-04-29 12:48:20'),
('711281122002', 18, 19, '2023-04-29 12:48:56'),
('811281122001', 20, 19, '2023-04-29 19:55:25'),
('711281122002', 19, 20, '2023-04-29 20:14:22'),
('711281122002', 20, 21, '2023-04-29 20:16:16'),
('711281122002', 21, 20, '2023-05-05 06:23:17'),
('711281122002', 20, 19, '2023-05-05 06:54:40'),
('711281122002', 19, 18, '2023-05-05 06:55:07'),
('711281122002', 18, 17, '2023-05-05 06:57:07'),
('811281122001', 19, 18, '2023-05-05 07:29:29'),
('811281122001', 18, 17, '2023-05-05 07:30:04'),
('811281122001', 17, 16, '2023-05-05 07:30:09'),
('811281122001', 16, 15, '2023-05-05 07:30:56'),
('711281122002', 17, 16, '2023-05-05 07:31:39'),
('711281122002', 16, 17, '2023-05-05 09:51:30'),
('711281122002', 17, 18, '2023-05-05 09:54:25'),
('711281122002', 18, 17, '2023-05-05 10:01:06'),
('711281122002', 17, 16, '2023-05-05 10:11:02'),
('711281122002', 16, 17, '2023-05-05 10:16:58'),
('711281122002', 17, 16, '2023-05-05 10:17:39'),
('711281122002', 16, 17, '2023-05-05 10:18:09'),
('711281122002', 17, 16, '2023-05-05 10:24:05'),
('711281122002', 16, 17, '2023-05-05 10:25:54'),
('711281122002', 17, 16, '2023-05-07 14:06:56'),
('711281122002', 16, 17, '2023-05-07 14:07:24'),
('711281122002', 17, 16, '2023-05-12 15:05:11'),
('711281122002', 16, 15, '2023-05-12 15:07:08'),
('711281122002', 15, 14, '2023-05-12 15:11:42'),
('711281122002', 14, 13, '2023-05-12 16:22:11'),
('711281122002', 13, 12, '2023-05-12 16:33:15'),
('711281122002', 12, 11, '2023-05-12 16:39:34'),
('711281122002', 11, 10, '2023-05-12 16:53:01'),
('711281122002', 10, 9, '2023-05-12 17:09:25'),
('711281122002', 9, 8, '2023-05-12 17:12:27'),
('711281122002', 8, 7, '2023-05-12 18:07:38'),
('711281122002', 7, 6, '2023-05-12 18:11:36'),
('711281122002', 6, 5, '2023-05-12 18:12:26'),
('711281122002', 5, 4, '2023-05-12 18:13:59'),
('711281122002', 4, 3, '2023-05-12 18:15:24'),
('711281122002', 3, 2, '2023-05-12 18:15:40'),
('711281122002', 2, 1, '2023-05-12 18:32:48'),
('711281122002', 1, 0, '2023-05-12 18:45:06'),
('711281122002', 0, -1, '2023-05-12 18:45:45'),
('711281122002', -1, -2, '2023-05-12 18:47:22'),
('711281122002', -2, -3, '2023-05-12 18:57:50'),
('711281122002', -3, -2, '2023-05-12 18:57:50'),
('711281122002', -2, -3, '2023-05-12 19:02:36'),
('711281122002', -3, -2, '2023-05-12 19:02:36'),
('711281122002', -2, -3, '2023-05-12 19:07:01'),
('711281122002', -3, -2, '2023-05-12 19:07:01'),
('711281122002', -2, -3, '2023-05-12 19:08:42'),
('711281122002', -3, -2, '2023-05-12 19:08:55'),
('711281122002', -2, -3, '2023-05-12 19:09:24'),
('811281122001', 15, 14, '2023-05-14 06:50:08'),
('711281122002', -3, -4, '2023-05-14 06:50:36'),
('811281122001', 14, 13, '2023-05-14 06:58:19'),
('811281122001', 13, 12, '2023-05-14 06:58:19'),
('711281122002', -4, -5, '2023-05-14 07:00:31'),
('811281122001', 12, 11, '2023-05-14 07:00:55'),
('711281122002', -5, -6, '2023-05-14 07:00:55'),
('811281122001', 11, 10, '2023-05-14 07:11:12'),
('711281122002', -6, -7, '2023-05-14 07:11:12'),
('811281122001', 10, 9, '2023-05-14 07:38:34'),
('711281122002', -7, -6, '2023-05-14 07:46:10'),
('711281122002', -6, -5, '2023-05-14 07:48:23'),
('811281122001', 9, 8, '2023-05-14 07:50:50'),
('711281122002', -5, -4, '2023-05-14 07:51:12'),
('711281122002', -4, -3, '2023-05-14 08:15:18'),
('811281122001', 8, 9, '2023-05-14 08:16:20'),
('711281122002', -3, -4, '2023-05-15 12:58:25'),
('811281122001', 9, 10, '2023-05-15 13:03:12'),
('711281122002', -4, -5, '2023-05-15 13:08:07'),
('811281122001', 10, 11, '2023-05-15 13:08:30'),
('711281122002', -5, -4, '2023-05-15 13:16:49'),
('811281122001', 11, 10, '2023-05-15 13:17:46'),
('811281122001', 10, 11, '2023-05-15 13:18:10'),
('811281122001', 11, 12, '2023-05-15 13:23:49'),
('711281122002', -4, -3, '2023-05-15 13:26:58'),
('811281122001', 12, 11, '2023-05-15 13:27:22'),
('811281122001', 11, 12, '2023-05-15 13:27:37'),
('711281122002', -3, -2, '2023-05-15 13:33:09'),
('811281122001', 12, 13, '2023-05-15 13:37:28'),
('811281122001', 13, 12, '2023-05-15 13:37:55'),
('811281122001', 12, 13, '2023-05-15 13:38:13'),
('811281122001', 13, 12, '2023-05-15 21:12:57'),
('711281122002', -2, -1, '2023-05-16 03:37:24'),
('811281122003', 87, 86, '2023-05-16 12:10:11'),
('911281122005', 176, 175, '2023-05-16 12:13:01'),
('911281122005', 175, 174, '2023-05-16 12:14:55'),
('811281122001', 12, 11, '2023-05-16 16:27:46'),
('811281122001', 11, 10, '2023-05-17 02:25:02'),
('911281122001', 21, 20, '2023-05-17 02:31:16'),
('711281122001', 47, 46, '2023-05-17 03:12:41'),
('711281122001', 46, 45, '2023-05-17 03:13:10'),
('711281122001', 45, 44, '2023-05-17 03:13:10'),
('711281122001', 44, 43, '2023-05-17 03:13:33'),
('711281122001', 43, 42, '2023-05-17 04:06:00'),
('711281122001', 42, 41, '2023-05-17 04:06:47'),
('711281122001', 41, 40, '2023-05-17 04:08:51'),
('711281122001', 40, 39, '2023-05-17 04:30:09'),
('711281122001', 39, 38, '2023-05-17 04:30:32'),
('711281122001', 38, 37, '2023-05-17 04:31:19'),
('711281122001', 37, 36, '2023-05-17 04:31:50'),
('711281122001', 36, 35, '2023-05-17 04:35:45'),
('711281122001', 35, 34, '2023-05-17 04:36:19'),
('711281122001', 34, 33, '2023-05-17 04:37:26'),
('711281122001', 33, 32, '2023-05-22 09:03:21'),
('711281122001', 32, 31, '2023-05-22 09:03:21'),
('711281122001', 31, 30, '2023-05-22 09:17:58'),
('711281122001', 30, 29, '2023-05-22 09:17:58'),
('811281122004', 23, 22, '2023-05-22 11:46:47'),
('811281122004', 22, 21, '2023-05-22 11:46:47'),
('811281122004', 21, 20, '2023-05-22 11:48:17'),
('811281122004', 20, 19, '2023-05-22 11:48:17'),
('811281122001', 10, 9, '2023-05-22 17:29:40'),
('811281122001', 9, 8, '2023-05-22 17:35:01'),
('811281122001', 8, 7, '2023-05-22 17:37:42'),
('811281122001', 7, 6, '2023-05-22 17:37:42'),
('811281122001', 6, 5, '2023-05-22 17:39:29'),
('811281122001', 5, 4, '2023-05-22 17:39:29'),
('811281122001', 4, 3, '2023-05-22 17:41:09'),
('811281122001', 3, 2, '2023-05-22 17:41:09'),
('711281122002', -1, -2, '2023-05-22 17:59:13'),
('811281122001', 2, 1, '2023-05-22 17:59:13'),
('811281122001', 1, 0, '2023-05-22 18:01:00'),
('811281122001', 0, -1, '2023-05-22 18:01:00'),
('811281122001', -1, -2, '2023-05-22 18:03:37'),
('811281122001', -2, -3, '2023-05-22 18:03:50'),
('811281122001', -3, -4, '2023-05-22 18:03:50'),
('811281122001', -4, -5, '2023-05-22 18:07:55'),
('911281122005', 174, 173, '2023-05-23 19:54:03'),
('811281122004', 19, 18, '2023-05-23 19:54:32'),
('711281122001', 29, 28, '2023-05-23 19:54:32'),
('811281122004', 18, 17, '2023-05-23 19:57:52'),
('711281122001', 28, 27, '2023-05-23 19:57:52'),
('911281122005', 173, 172, '2023-05-23 19:58:05'),
('911281122005', 172, 171, '2023-05-23 19:58:36'),
('911281122005', 171, 170, '2023-05-23 19:59:19'),
('711281122001', 27, 26, '2023-05-23 20:09:30'),
('711281122001', 26, 25, '2023-05-23 20:09:30'),
('811281122004', 17, 16, '2023-05-24 16:09:14'),
('711281122001', 25, 26, '2023-05-24 17:29:34'),
('911281122005', 170, 169, '2023-05-25 17:34:51'),
('911281122005', 169, 168, '2023-05-25 17:35:41'),
('811281122004', 16, 15, '2023-05-25 17:43:22'),
('811281122004', 15, 14, '2023-05-25 17:43:42'),
('811281122004', 14, 13, '2023-05-25 17:44:15'),
('811281122004', 13, 12, '2023-05-25 17:44:28'),
('811281122004', 12, 11, '2023-05-25 17:45:21'),
('811281122004', 11, 10, '2023-05-25 17:45:53'),
('811281122004', 10, 9, '2023-05-25 17:46:05'),
('811281122004', 9, 8, '2023-05-25 17:47:12'),
('811281122004', 8, 7, '2023-05-25 17:47:25'),
('811281122004', 7, 6, '2023-05-25 17:47:58'),
('811281122004', 6, 5, '2023-05-25 17:50:38'),
('811281122003', 86, 85, '2023-05-25 17:58:11'),
('811281122003', 85, 84, '2023-05-25 17:58:19'),
('711281122001', 26, 25, '2023-05-25 18:03:41'),
('911281122005', 168, 167, '2023-05-25 18:56:21'),
('911281122005', 167, 166, '2023-05-25 18:59:24'),
('711281122002', -2, 999, '2023-05-26 10:00:15'),
('811281122001', -5, 99, '2023-05-26 10:00:16'),
('811281122002', 35, 99, '2023-05-26 10:00:17'),
('911281122005', 166, 165, '2023-05-26 10:03:10'),
('811281122004', 5, 4, '2023-05-26 10:29:01'),
('811281122003', 84, 83, '2023-05-26 10:31:03'),
('811281122004', 4, 3, '2023-05-28 04:18:39'),
('811281122004', 3, 2, '2023-05-28 04:18:39'),
('811281122001', 99, 98, '2023-05-28 14:37:42'),
('811281122001', 98, 97, '2023-05-28 14:37:42'),
('811281122001', 97, 96, '2023-05-28 14:37:42'),
('811281122001', 96, 95, '2023-05-28 14:37:42'),
('911281122001', 20, 19, '2023-05-28 14:38:37'),
('711281122001', 25, 24, '2023-05-28 17:01:35'),
('711281122001', 24, 23, '2023-05-28 17:03:52'),
('811281122003', 83, 82, '2023-05-28 17:06:33'),
('711281122001', 23, 22, '2023-05-28 17:08:05'),
('911281122005', 165, 164, '2023-05-28 17:10:57'),
('811281122004', 2, 1, '2023-05-28 21:52:27'),
('711281122002', 999, 998, '2023-05-28 21:54:07'),
('911281122005', 164, 163, '2023-05-28 21:56:13'),
('911281122005', 163, 162, '2023-05-28 22:32:14'),
('711281122001', 22, 21, '2023-05-28 22:32:14'),
('711281122001', 21, 20, '2023-05-28 22:32:39'),
('711281122001', 20, 19, '2023-05-28 22:32:39'),
('711281122001', 19, 18, '2023-05-29 01:07:06'),
('811281122003', 82, 81, '2023-05-29 01:11:45'),
('811281122003', 81, 80, '2023-05-29 04:02:37'),
('811281122003', 80, 79, '2023-05-29 04:02:47'),
('911281122005', 162, 161, '2023-05-29 04:03:48'),
('911281122005', 161, 160, '2023-05-29 04:03:56'),
('911281122002', 21, 20, '2023-05-29 04:07:02'),
('911281122002', 20, 19, '2023-05-29 04:07:14'),
('911281122001', 19, 18, '2023-05-29 04:08:01'),
('911281122001', 18, 17, '2023-05-29 04:08:14'),
('911281122002', 19, 18, '2023-05-29 08:12:06'),
('911281122005', 160, 159, '2023-05-29 08:22:36'),
('911281122005', 159, 158, '2023-05-29 08:22:45'),
('811281122004', 1, 1919, '2023-05-29 08:52:06'),
('811281122001', 95, 94, '2023-05-29 09:09:25'),
('911281122002', 18, 17, '2023-05-29 09:47:32'),
('511281122004', 49, 48, '2023-05-31 12:27:39'),
('511281122004', 48, 47, '2023-05-31 12:28:28'),
('511281122004', 47, 46, '2023-06-04 08:09:00'),
('511281122004', 46, 45, '2023-06-04 08:09:16'),
('511281122003', 20, 19, '2023-06-04 08:09:42'),
('511281122005', 22, 21, '2023-06-15 05:56:59'),
('811281122004', 1919, 1918, '2023-06-15 05:56:59'),
('511281122003', 19, 18, '2023-06-15 16:49:37'),
('511281122005', 21, 20, '2023-06-15 16:50:16'),
('811281122004', 1918, 1917, '2023-06-15 16:50:16');

-- --------------------------------------------------------

--
-- Table structure for table `log_pemustaka`
--

CREATE TABLE `log_pemustaka` (
  `id` char(12) DEFAULT NULL,
  `no_hp_lama` char(13) DEFAULT NULL,
  `no_hp_baru` char(13) DEFAULT NULL,
  `alamat_baru` text DEFAULT NULL,
  `alamat_lama` text DEFAULT NULL,
  `email_lama` varchar(50) DEFAULT NULL,
  `email_baru` varchar(50) DEFAULT NULL,
  `password_lama` varchar(50) DEFAULT NULL,
  `password_baru` varchar(50) DEFAULT NULL,
  `waktu` timestamp NOT NULL DEFAULT current_timestamp() ON UPDATE current_timestamp()
) ENGINE=InnoDB DEFAULT CHARSET=utf8mb4 COLLATE=utf8mb4_general_ci;

-- --------------------------------------------------------

--
-- Table structure for table `metode_sirkulasi`
--

CREATE TABLE `metode_sirkulasi` (
  `kd_metode_sirkulasi` char(12) NOT NULL,
  `nama_metode` varchar(50) DEFAULT NULL
) ENGINE=InnoDB DEFAULT CHARSET=utf8mb4 COLLATE=utf8mb4_general_ci;

--
-- Dumping data for table `metode_sirkulasi`
--

INSERT INTO `metode_sirkulasi` (`kd_metode_sirkulasi`, `nama_metode`) VALUES
('PEG', 'Pengembalian'),
('PES', 'Pemesanan'),
('PIJ', 'Peminjaman');

-- --------------------------------------------------------

--
-- Table structure for table `pemesanan`
--

CREATE TABLE `pemesanan` (
  `kd_pemesanan` char(12) NOT NULL,
  `kd_metode_sirkulasi` char(12) DEFAULT NULL,
  `id` char(12) DEFAULT NULL,
  `tgl_pemesanan` datetime DEFAULT NULL,
  `tgl_batas_pemesanan` datetime DEFAULT NULL,
  `status` enum('Pesan','Pinjam','Batal') DEFAULT NULL
) ENGINE=InnoDB DEFAULT CHARSET=utf8mb4 COLLATE=utf8mb4_general_ci;

--
-- Dumping data for table `pemesanan`
--

INSERT INTO `pemesanan` (`kd_pemesanan`, `kd_metode_sirkulasi`, `id`, `tgl_pemesanan`, `tgl_batas_pemesanan`, `status`) VALUES
('111000000001', 'PES', '533011000001', '2022-12-07 00:00:00', '2022-12-13 00:00:00', 'Pinjam'),
('111000000002', 'PES', '533011000002', '2022-12-07 00:00:00', '2022-12-12 00:00:00', 'Pinjam'),
('111000000003', 'PES', '533011000002', '2022-12-26 12:12:00', '2022-12-29 00:00:00', 'Pinjam'),
('111000000004', 'PES', '533011000003', '2022-12-10 12:12:54', '2022-12-14 00:00:00', 'Batal'),
('111000000005', 'PES', '533011000003', '2022-12-10 12:12:54', '2023-04-18 00:00:00', 'Pinjam'),
('111000000006', 'PES', '533011000004', '2022-11-01 12:12:54', '2022-12-14 00:00:00', 'Batal'),
('111000000007', 'PES', '533011000001', '2023-05-31 01:00:12', '2023-06-02 00:52:16', 'Pinjam'),
('111000000008', 'PES', '533011000002', '2023-01-09 12:12:00', '2023-01-11 10:12:29', 'Batal'),
('111000000009', 'PES', '533011000002', '2023-01-10 12:12:00', '2023-01-11 10:12:29', 'Batal'),
('111000000010', 'PES', '533011000001', '2023-03-23 22:52:00', '2023-03-24 22:53:00', 'Batal'),
('111000000011', 'PES', '533011000001', '2023-03-23 23:04:00', '2023-03-24 23:04:00', 'Batal'),
('111000000012', 'PES', '533011000001', '2023-03-24 02:32:00', '2023-03-25 02:32:00', 'Batal'),
('111000000013', 'PES', '533011000001', '2023-03-24 02:36:00', '2023-03-25 02:36:00', 'Batal'),
('111000000014', 'PES', '533011000001', '0000-00-00 00:00:00', '2023-04-02 22:00:35', 'Batal'),
('111000000015', 'PES', '533011000001', '2023-04-01 22:02:31', '2023-04-02 22:02:31', 'Batal'),
('111000000016', 'PES', '533011000001', '2023-04-02 03:03:05', '2023-04-03 03:03:05', 'Batal'),
('111000000017', 'PES', '533011000001', '2023-04-08 02:45:48', '2023-04-09 02:45:48', 'Batal'),
('111000000018', 'PES', '533011000001', '2023-04-08 02:54:06', '2023-04-09 02:54:06', 'Batal'),
('111000000019', 'PES', '533011000001', '2023-04-09 22:01:45', '2023-04-10 22:01:45', 'Batal'),
('111000000020', 'PES', '533011000001', '2023-04-09 22:02:51', '2023-04-10 22:02:51', 'Batal'),
('111000000021', 'PES', '533011000001', '2023-04-09 22:08:39', '2023-04-10 22:08:39', 'Batal'),
('111000000022', 'PES', '533011000001', '2023-04-09 22:09:49', '2023-04-10 22:09:49', 'Batal'),
('111000000023', 'PES', '533011000001', '2023-04-09 22:11:53', '2023-04-10 22:11:53', 'Batal'),
('111000000024', 'PES', '533011000001', '2023-04-13 01:01:11', '2023-04-14 01:01:11', 'Batal'),
('111000000028', 'PES', '533011000001', '2023-04-13 01:54:02', '2023-04-14 01:54:02', 'Batal'),
('111000000029', 'PES', '533011000001', '2023-04-13 02:00:05', '2023-04-14 02:00:05', 'Batal'),
('111000000030', 'PES', '533011000001', '2023-04-13 02:00:51', '2023-04-14 02:00:51', 'Batal'),
('111000000032', 'PES', '533011000001', '2023-04-13 02:19:12', '2023-04-14 02:19:12', 'Batal'),
('111000000035', 'PES', '533011000001', '2023-04-13 02:24:20', '2023-04-14 02:24:20', 'Batal'),
('111000000036', 'PES', '533011000001', '2023-04-13 15:41:25', '2023-04-14 15:41:25', 'Batal'),
('111000000045', 'PES', '53301100109', '2023-04-27 04:42:21', '2023-04-27 04:42:00', 'Batal'),
('111000000046', 'PES', '53301100109', '2023-04-27 04:51:59', '2023-04-27 04:53:00', 'Batal'),
('111000000047', 'PES', '533011000001', '2023-04-27 05:31:03', '2023-04-27 05:31:00', 'Batal'),
('111000000048', 'PES', '533011000001', '2023-04-28 03:40:59', '2023-04-29 03:40:59', 'Batal'),
('111000000049', 'PES', '533011000001', '2023-04-29 19:47:07', '2023-04-30 19:47:07', 'Pinjam'),
('111000000051', 'PES', '533011000001', '2023-05-05 16:36:59', '2023-05-06 16:36:59', 'Pinjam'),
('111000000055', 'PES', '533011000001', '2023-05-12 21:49:43', '2023-05-13 21:49:43', 'Pinjam'),
('111000000056', 'PES', '533011000001', '2023-05-12 22:02:45', '2023-05-13 22:02:45', 'Pinjam'),
('111000000060', 'PES', '533011000001', '2023-05-12 23:52:50', '2023-05-13 23:52:50', 'Pinjam'),
('111000000067', 'PES', '533011000001', '2023-05-13 01:47:03', '2023-05-14 01:47:03', 'Pinjam'),
('111000000073', 'PES', '53301100140', '2023-05-14 13:42:27', '2023-05-15 13:42:27', 'Pinjam'),
('111000000074', 'PES', '53301100140', '2023-05-14 14:02:15', '2023-05-15 14:02:15', 'Batal'),
('111000000075', 'PES', '53301100140', '2023-05-14 14:02:29', '2023-05-15 14:02:29', 'Batal'),
('111000000076', 'PES', '53301100140', '2023-05-16 12:27:51', '2023-05-17 12:27:51', 'Pinjam'),
('111000000077', 'PES', '53301100140', '2023-05-16 20:53:47', '2023-05-17 20:53:47', 'Pinjam'),
('111000000078', 'PES', '53301100140', '2023-05-16 23:22:38', '2023-05-17 23:22:38', 'Pinjam'),
('111000000079', 'PES', '53301100140', '2023-05-17 09:21:09', '2023-05-18 09:21:09', 'Pinjam'),
('111000000080', 'PES', '53301100140', '2023-05-17 09:22:58', '2023-05-18 09:22:58', 'Pinjam'),
('111000000081', 'PES', '53301100140', '2023-05-17 09:25:52', '2023-05-18 09:25:52', 'Pesan'),
('111000000082', 'PES', '53301100140', '2023-05-17 09:34:48', '2023-05-18 09:34:48', 'Pinjam'),
('111000000083', 'PES', '53301100140', '2023-05-17 09:40:59', '2023-05-18 09:40:59', 'Pesan'),
('111000000084', 'PES', '53301100140', '2023-05-17 09:42:17', '2023-05-18 09:42:17', 'Pesan'),
('111000000085', 'PES', '53301100140', '2023-05-17 09:43:46', '2023-05-18 09:43:46', 'Pesan'),
('111000000086', 'PES', '53301100140', '2023-05-17 09:48:13', '2023-05-18 09:48:13', 'Pesan'),
('111000000087', 'PES', '53301100140', '2023-05-17 09:48:45', '2023-05-18 09:48:45', 'Pesan'),
('111000000088', 'PES', '53301100140', '2023-05-17 09:49:31', '2023-05-18 09:49:31', 'Pesan'),
('111000000089', 'PES', '53301100140', '2023-05-17 09:50:46', '2023-05-18 09:50:46', 'Pesan'),
('111000000090', 'PES', '53301100140', '2023-05-17 09:50:54', '2023-05-18 09:50:54', 'Pesan'),
('111000000091', 'PES', '53301100140', '2023-05-17 10:05:29', '2023-05-18 10:05:29', 'Pinjam'),
('111000000092', 'PES', '53301100140', '2023-05-17 10:09:11', '2023-05-18 10:09:11', 'Pinjam'),
('111000000093', 'PES', '53301100140', '2023-05-17 10:12:41', '2023-05-18 10:12:41', 'Pinjam'),
('111000000094', 'PES', '53301100140', '2023-05-17 10:13:33', '2023-05-18 10:13:33', 'Pesan'),
('111000000095', 'PES', '53301100140', '2023-05-17 11:06:00', '0000-00-00 00:00:00', 'Pesan'),
('111000000096', 'PES', '53301100140', '2023-05-17 11:06:47', '2023-05-18 11:06:47', 'Pesan'),
('111000000097', 'PES', '53301100140', '2023-05-19 11:08:43', '2023-05-18 11:08:51', 'Pesan'),
('111000000098', 'PES', '53301100140', '2023-05-20 11:23:30', '2023-05-24 11:30:09', 'Pesan'),
('111000000099', 'PES', '53301100140', '2023-05-17 11:30:29', '2023-05-24 11:30:32', 'Pesan'),
('111000000100', 'PES', '53301100140', '0000-00-00 00:00:00', '2023-05-20 11:31:19', 'Pesan'),
('111000000101', 'PES', '53301100140', '2023-05-17 11:31:45', '2023-05-20 11:31:50', 'Pesan'),
('111000000102', 'PES', '53301100140', '2023-05-17 11:35:42', '2023-05-21 11:35:45', 'Pesan'),
('111000000103', 'PES', '53301100140', '2023-05-20 11:36:07', '2023-05-18 11:36:19', 'Pesan'),
('111000000104', 'PES', '53301100140', '2023-05-21 11:37:24', '2023-05-20 11:37:26', 'Pesan'),
('111000000105', 'PES', '53301100140', '2023-05-17 11:39:43', '2023-05-21 11:39:46', 'Pesan'),
('111000000106', 'PES', '53301100140', '2023-05-17 11:40:39', '2023-05-21 11:40:42', 'Pesan'),
('111000000107', 'PES', '53301100140', '2023-05-17 11:41:18', '2023-05-21 11:41:21', 'Pesan'),
('111000000108', 'PES', '53301100140', '2023-05-17 11:45:53', '2023-05-21 11:45:55', 'Pesan'),
('111000000109', 'PES', '53301100140', '2023-05-17 11:52:37', '2023-05-21 11:52:40', 'Pesan'),
('111000000110', 'PES', '53301100140', '2023-05-17 13:01:44', '0000-00-00 00:00:00', 'Pesan'),
('111000000111', 'PES', '53301100140', '2023-05-17 13:07:16', '0000-00-00 00:00:00', 'Pesan'),
('111000000112', 'PES', '53301100140', '2023-05-17 13:08:22', '0000-00-00 00:00:00', 'Pesan'),
('111000000113', 'PES', '53301100140', '2023-05-17 13:09:43', '0000-00-00 00:00:00', 'Pesan'),
('111000000114', 'PES', '53301100140', '2023-05-17 13:10:13', '0000-00-00 00:00:00', 'Pesan'),
('111000000115', 'PES', '53301100140', '2023-05-17 13:12:50', '2023-05-25 00:00:00', 'Pesan'),
('111000000116', 'PES', '53301100140', '2023-05-17 13:13:59', '1970-01-01 00:00:00', 'Pesan'),
('111000000117', 'PES', '53301100140', '2023-05-17 13:14:20', '2023-05-18 00:00:00', 'Pesan'),
('111000000118', 'PES', '53301100140', '2023-05-17 13:17:33', '2023-05-25 00:00:00', 'Pesan'),
('111000000119', 'PES', '53301100140', '2023-05-17 13:18:37', '0000-00-00 00:00:00', 'Pesan'),
('111000000120', 'PES', '53301100140', '2023-05-17 13:18:57', '2023-05-25 00:00:00', 'Pesan'),
('111000000121', 'PES', '53301100140', '2023-05-17 13:19:35', '1970-01-08 07:00:00', 'Pesan'),
('111000000122', 'PES', '53301100140', '2023-05-17 13:19:55', '1970-01-08 00:00:00', 'Pesan'),
('111000000123', 'PES', '53301100140', '2023-05-17 13:21:23', '1970-01-08 07:00:00', 'Pesan'),
('111000000124', 'PES', '53301100140', '2023-05-17 13:22:42', '1970-01-08 07:00:00', 'Pesan'),
('111000000125', 'PES', '53301100140', '2023-05-17 13:23:42', '2023-05-24 13:23:45', 'Pesan'),
('111000000126', 'PES', '53301100140', '2023-05-17 13:24:35', '0000-00-00 00:00:00', 'Pesan'),
('111000000127', 'PES', '53301100140', '2023-05-17 13:24:58', '2023-05-24 13:25:01', 'Pesan'),
('111000000128', 'PES', '53301100140', '2023-05-17 15:25:39', '2023-05-23 15:25:42', 'Pesan'),
('111000000129', 'PES', '53301100140', '2023-05-17 15:27:13', '2023-05-17 15:27:17', 'Pesan'),
('111000000130', 'PES', '53301100140', '2023-05-17 15:27:53', '2023-05-18 15:27:57', 'Pesan'),
('111000000131', 'PES', '53301100140', '0000-00-00 00:00:00', '2023-05-18 15:29:09', 'Pesan'),
('111000000132', 'PES', '53301100140', '2023-05-17 15:29:31', '2023-05-18 15:29:31', 'Pesan'),
('111000000133', 'PES', '53301100140', '2023-05-19 21:26:18', '2023-05-22 21:26:18', 'Pesan'),
('111000000134', 'PES', '53301100140', '2023-05-22 16:03:21', '2023-05-23 16:03:21', 'Pesan'),
('111000000135', 'PES', '53301100140', '2023-05-22 16:17:58', '2023-05-23 16:17:58', 'Pesan'),
('111000000136', 'PES', '53301100140', '2023-05-22 18:46:47', '2023-05-23 18:46:47', 'Pesan'),
('111000000137', 'PES', '53301100140', '2023-05-22 18:47:20', '2023-05-23 18:47:20', 'Pesan'),
('111000000138', 'PES', '53301100140', '2023-05-22 18:47:39', '2023-05-23 18:47:39', 'Pesan'),
('111000000139', 'PES', '53301100140', '2023-05-22 18:48:17', '2023-05-23 18:48:17', 'Pesan'),
('111000000140', 'PES', '53301100140', '2023-05-23 00:29:40', '2023-05-24 00:29:40', 'Pinjam'),
('111000000141', 'PES', '53301100140', '2023-05-23 00:35:01', '2023-05-24 00:35:01', 'Pinjam'),
('111000000142', 'PES', '53301100140', '2023-05-23 00:37:42', '2023-05-24 00:37:42', 'Pinjam'),
('111000000143', 'PES', '53301100140', '2023-05-23 00:39:29', '2023-05-24 00:39:29', 'Pinjam'),
('111000000144', 'PES', '53301100140', '2023-05-23 00:41:09', '2023-05-24 00:41:09', 'Pinjam'),
('111000000145', 'PES', '53301100140', '2023-05-23 00:59:13', '2023-05-24 00:59:13', 'Pinjam'),
('111000000146', 'PES', '53301100140', '2023-05-23 01:02:40', '2023-05-24 01:02:40', 'Pinjam'),
('111000000147', 'PES', '53301100140', '2023-05-23 01:03:37', '2023-05-24 01:03:37', 'Pinjam'),
('111000000148', 'PES', '53301100140', '2023-05-23 01:07:55', '2023-05-24 01:07:55', 'Pinjam'),
('111000000149', 'PES', '53301100140', '2023-05-23 10:33:00', '2023-05-24 10:33:00', 'Pesan'),
('111000000150', 'PES', '53301100140', '2023-05-23 10:33:45', '2023-05-24 10:33:45', 'Pesan'),
('111000000151', 'PES', '53301100140', '2023-05-24 02:54:03', '2023-05-25 02:54:03', 'Pesan'),
('111000000152', 'PES', '53301100140', '2023-05-24 02:54:32', '2023-05-25 02:54:32', 'Pesan'),
('111000000153', 'PES', '53301100140', '2023-05-24 02:57:52', '2023-05-25 02:57:52', 'Pinjam'),
('111000000154', 'PES', '53301100140', '2023-05-24 02:58:05', '2023-05-25 02:58:05', 'Pinjam'),
('111000000155', 'PES', '53301100140', '2023-05-24 02:59:19', '2023-05-25 02:59:19', 'Pinjam'),
('111000000156', 'PES', '53301100140', '2023-05-24 23:09:14', '2023-05-25 23:09:14', 'Pinjam'),
('111000000157', 'PES', '53301100140', '2023-05-26 00:38:07', '2023-05-29 00:38:07', 'Pesan'),
('111000000158', 'PES', '53301100140', '2023-05-26 00:38:20', '2023-05-29 00:38:20', 'Pesan'),
('111000000159', 'PES', '53301100140', '2023-05-26 00:38:34', '2023-05-29 00:38:34', 'Pesan'),
('111000000160', 'PES', '53301100140', '2023-05-26 00:38:49', '2023-05-29 00:38:49', 'Pesan'),
('111000000161', 'PES', '53301100140', '2023-05-26 00:40:17', '2023-05-29 00:40:17', 'Pesan'),
('111000000162', 'PES', '53301100140', '2023-05-26 00:40:48', '2023-05-29 00:40:48', 'Pesan'),
('111000000163', 'PES', '53301100140', '2023-05-26 00:40:55', '2023-05-29 00:40:55', 'Pesan'),
('111000000164', 'PES', '53301100140', '2023-05-26 00:41:05', '2023-05-29 00:41:05', 'Pesan'),
('111000000165', 'PES', '53301100140', '2023-05-26 00:43:22', '2023-05-29 00:43:22', 'Pesan'),
('111000000166', 'PES', '53301100140', '2023-05-26 00:43:42', '2023-05-29 00:43:42', 'Pesan'),
('111000000167', 'PES', '53301100140', '2023-05-26 00:44:15', '2023-05-29 00:44:15', 'Pesan'),
('111000000168', 'PES', '53301100140', '2023-05-26 00:44:28', '2023-05-29 00:44:28', 'Pesan'),
('111000000169', 'PES', '53301100140', '2023-05-26 00:45:21', '2023-05-29 00:45:21', 'Pesan'),
('111000000170', 'PES', '53301100140', '2023-05-26 00:45:30', '2023-05-29 00:45:30', 'Pesan'),
('111000000171', 'PES', '53301100140', '2023-05-26 00:45:53', '2023-05-29 00:45:53', 'Pesan'),
('111000000172', 'PES', '53301100140', '2023-05-26 00:46:05', '2023-05-29 00:46:05', 'Pesan'),
('111000000173', 'PES', '53301100140', '2023-05-26 00:47:12', '2023-05-29 00:47:12', 'Pesan'),
('111000000174', 'PES', '53301100140', '2023-05-26 00:50:38', '2023-05-29 00:50:38', 'Pesan'),
('111000000175', 'PES', '53301100140', '2023-05-26 00:58:11', '2023-05-29 00:58:11', 'Pesan'),
('111000000176', 'PES', '53301100140', '2023-05-26 00:58:19', '2023-05-29 00:58:19', 'Pesan'),
('111000000177', 'PES', '53301100140', '2023-05-26 01:52:11', '2023-05-29 01:52:11', 'Pesan'),
('111000000178', 'PES', '53301100140', '2023-05-26 01:56:21', '2023-05-29 01:56:21', 'Pesan'),
('111000000179', 'PES', '53301100140', '2023-05-26 01:59:24', '2023-05-29 01:59:24', 'Pesan'),
('111000000180', 'PES', '53301100140', '2023-05-26 02:19:14', '2023-05-29 02:19:14', 'Pesan'),
('111000000181', 'PES', '53301100140', '2023-05-26 02:21:19', '2023-05-29 02:21:19', 'Pesan'),
('111000000182', 'PES', '53301100141', '2023-05-26 17:03:10', '2023-05-29 17:03:10', 'Pesan'),
('111000000183', 'PES', '53301100140', '2023-05-26 17:25:13', '2023-05-29 17:25:13', 'Pesan'),
('111000000184', 'PES', '53301100140', '2023-05-26 17:25:52', '2023-05-29 17:25:52', 'Pesan'),
('111000000185', 'PES', '53301100140', '2023-05-26 17:28:19', '2023-05-29 17:28:19', 'Pesan'),
('111000000186', 'PES', '53301100140', '2023-05-26 17:29:01', '2023-05-29 17:29:01', 'Pesan'),
('111000000187', 'PES', '53301100140', '2023-05-26 17:29:39', '2023-05-29 17:29:39', 'Pesan'),
('111000000188', 'PES', '53301100140', '2023-05-26 17:30:14', '2023-05-29 17:30:14', 'Pesan'),
('111000000189', 'PES', '53301100140', '2023-05-26 17:31:03', '2023-05-29 17:31:03', 'Pesan'),
('111000000190', 'PES', '53301100140', '2023-05-26 17:31:22', '2023-05-29 17:31:22', 'Pinjam'),
('111000000191', 'PES', '53301100140', '2023-05-26 17:31:48', '2023-05-29 17:31:48', 'Pinjam'),
('111000000192', 'PES', '53301100140', '2023-05-26 19:19:56', '2023-05-29 19:19:56', 'Pesan'),
('111000000193', 'PES', '53301100140', '2023-05-26 19:20:53', '2023-05-29 19:20:53', 'Pesan'),
('111000000194', 'PES', '53301100140', '2023-05-28 09:30:42', '2023-05-29 09:30:42', 'Pesan'),
('111000000195', 'PES', '53301100140', '2023-05-28 09:32:46', '2023-05-29 09:32:46', 'Pesan'),
('111000000196', 'PES', '53301100140', '2023-05-28 11:18:19', '2023-05-29 11:18:19', 'Pesan'),
('111000000197', 'PES', '53301100140', '2023-05-28 11:18:39', '2023-05-29 11:18:39', 'Pesan'),
('111000000198', 'PES', '53301100140', '2023-05-28 11:33:57', '2023-05-29 11:33:57', 'Pesan'),
('111000000199', 'PES', '53301100140', '2023-05-28 11:46:03', '2023-05-29 11:46:03', 'Pesan'),
('111000000200', 'PES', '53301100140', '2023-05-28 16:14:50', '2023-05-29 16:14:50', 'Pesan'),
('111000000201', 'PES', '53301100140', '2023-05-28 16:30:48', '2023-05-29 16:30:48', 'Pesan'),
('111000000202', 'PES', '53301100140', '2023-05-28 16:31:31', '2023-05-29 16:31:31', 'Pesan'),
('111000000203', 'PES', '53301100140', '2023-05-28 16:45:28', '2023-05-29 16:45:28', 'Pesan'),
('111000000204', 'PES', '53301100140', '2023-05-28 19:32:25', '2023-05-29 19:32:25', 'Pesan'),
('111000000205', 'PES', '53301100140', '2023-05-28 19:32:53', '2023-05-29 19:32:53', 'Pesan'),
('111000000206', 'PES', '53301100140', '2023-05-28 19:34:19', '2023-05-29 19:34:19', 'Pesan'),
('111000000207', 'PES', '53301100140', '2023-05-28 19:34:59', '2023-05-29 19:34:59', 'Pesan'),
('111000000208', 'PES', '53301100140', '2023-05-28 19:35:48', '2023-05-29 19:35:48', 'Pesan'),
('111000000209', 'PES', '53301100140', '2023-05-28 19:36:33', '2023-05-29 19:36:33', 'Pesan'),
('111000000210', 'PES', '53301100140', '2023-05-28 19:37:14', '2023-05-29 19:37:14', 'Pesan'),
('111000000211', 'PES', '53301100140', '2023-05-28 19:37:42', '2023-05-29 19:37:42', 'Pesan'),
('111000000212', 'PES', '53301100140', '2023-05-28 19:39:23', '2023-05-29 19:39:23', 'Pesan'),
('111000000213', 'PES', '53301100140', '2023-05-28 19:39:45', '2023-05-29 19:39:45', 'Pinjam'),
('111000000214', 'PES', '53301100140', '2023-05-28 21:37:42', '2023-05-29 21:37:42', 'Pesan'),
('111000000215', 'PES', '53301100140', '2023-05-28 21:38:37', '2023-05-29 21:38:37', 'Pesan'),
('111000000216', 'PES', '53301100140', '2023-05-28 21:39:04', '2023-05-29 21:39:04', 'Pesan'),
('111000000217', 'PES', '53301100140', '2023-05-28 21:40:08', '2023-05-29 21:40:08', 'Pesan'),
('111000000218', 'PES', '53301100140', '2023-05-28 21:44:47', '2023-05-29 21:44:47', 'Pesan'),
('111000000219', 'PES', '53301100140', '2023-05-28 22:22:43', '2023-05-29 22:22:43', 'Pinjam'),
('111000000220', 'PES', '53301100140', '2023-05-28 22:26:33', '2023-05-29 22:26:33', 'Pinjam'),
('111000000221', 'PES', '53301100140', '2023-05-28 22:27:23', '2023-05-29 22:27:23', 'Pinjam'),
('111000000222', 'PES', '53301100140', '2023-05-28 22:35:43', '2023-05-29 22:35:43', 'Pinjam'),
('111000000223', 'PES', '53301100140', '2023-05-28 22:37:41', '2023-05-29 22:37:41', 'Pinjam'),
('111000000224', 'PES', '53301100140', '2023-05-28 23:25:47', '2023-05-29 23:25:47', 'Pinjam'),
('111000000225', 'PES', '53301100140', '2023-05-28 23:34:32', '2023-05-29 23:34:32', 'Pinjam'),
('111000000226', 'PES', '53301100140', '2023-05-28 23:35:50', '2023-05-29 23:35:50', 'Pinjam'),
('111000000227', 'PES', '53301100140', '2023-05-28 23:37:13', '2023-05-29 23:37:13', 'Pinjam'),
('111000000228', 'PES', '53301100140', '2023-05-28 23:48:35', '2023-05-29 23:48:35', 'Pinjam'),
('111000000229', 'PES', '53301100140', '2023-05-29 00:00:25', '2023-05-30 00:00:25', 'Pinjam'),
('111000000230', 'PES', '53301100140', '2023-05-29 00:01:35', '2023-05-30 00:01:35', 'Pinjam'),
('111000000231', 'PES', '53301100140', '2023-05-29 00:03:52', '2023-05-30 00:03:52', 'Pinjam'),
('111000000232', 'PES', '53301100140', '2023-05-29 00:04:24', '2023-05-30 00:04:24', 'Pinjam'),
('111000000233', 'PES', '53301100140', '2023-05-29 00:06:33', '2023-05-30 00:06:33', 'Pinjam'),
('111000000234', 'PES', '53301100140', '2023-05-29 00:08:05', '2023-05-30 00:08:05', 'Pinjam'),
('111000000235', 'PES', '53301100140', '2023-05-29 00:09:00', '2023-05-30 00:09:00', 'Pinjam'),
('111000000236', 'PES', '53301100140', '2023-05-29 00:09:48', '2023-05-30 00:09:48', 'Pinjam'),
('111000000237', 'PES', '53301100140', '2023-05-29 00:10:57', '2023-05-30 00:10:57', 'Pinjam'),
('111000000238', 'PES', '53301100140', '2023-05-29 00:12:54', '2023-05-30 00:12:54', 'Pinjam'),
('111000000239', 'PES', '53301100140', '2023-05-29 04:51:05', '2023-05-30 04:51:05', 'Pinjam'),
('111000000240', 'PES', '53301100140', '2023-05-29 04:52:27', '2023-05-30 04:52:27', 'Pinjam'),
('111000000241', 'PES', '53301100140', '2023-05-29 04:54:07', '2023-05-30 04:54:07', 'Pinjam'),
('111000000242', 'PES', '53301100140', '2023-05-29 04:56:13', '2023-05-30 04:56:13', 'Pinjam'),
('111000000243', 'PES', '53301100140', '2023-05-29 05:32:14', '2023-05-30 05:32:14', 'Pinjam'),
('111000000244', 'PES', '53301100140', '2023-05-29 08:07:06', '2023-05-30 08:07:06', 'Pesan'),
('111000000245', 'PES', '53301100140', '2023-05-29 08:11:23', '2023-05-30 08:11:23', 'Pesan'),
('111000000246', 'PES', '53301100140', '2023-05-29 08:11:45', '2023-05-30 08:11:45', 'Pesan'),
('111000000247', 'PES', '53301100140', '2023-05-29 08:29:29', '2023-05-30 08:29:29', 'Pinjam'),
('111000000248', 'PES', '53301100140', '2023-05-29 11:01:37', '2023-05-30 11:01:37', 'Pinjam'),
('111000000249', 'PES', '53301100140', '2023-05-29 11:02:37', '2023-05-30 11:02:37', 'Pinjam'),
('111000000250', 'PES', '53301100140', '2023-05-29 11:03:48', '2023-05-30 11:03:48', 'Pinjam'),
('111000000251', 'PES', '53301100140', '2023-05-29 11:07:02', '2023-05-30 11:07:02', 'Pinjam'),
('111000000252', 'PES', '53301100140', '2023-05-29 11:08:01', '2023-05-30 11:08:01', 'Pinjam'),
('111000000253', 'PES', '53301100140', '2023-05-29 15:12:06', '2023-05-30 15:12:06', 'Pinjam'),
('111000000254', 'PES', '53301100140', '2023-05-29 15:22:36', '2023-05-30 15:22:36', 'Pinjam'),
('111000000255', 'PES', '53301100141', '2023-05-31 19:27:39', '2023-06-01 19:27:39', 'Pinjam'),
('111000000256', 'PES', '53301100140', '2023-06-04 15:09:00', '2023-06-05 15:09:00', 'Pinjam'),
('111000000257', 'PES', '53301100140', '2023-06-15 12:56:59', '2023-06-16 12:56:59', 'Pinjam');

-- --------------------------------------------------------

--
-- Table structure for table `pemesanan_koleksi`
--

CREATE TABLE `pemesanan_koleksi` (
  `kd_pemesanan` char(12) DEFAULT NULL,
  `nomor_induk` char(12) DEFAULT NULL,
  `jml` int(11) DEFAULT NULL
) ENGINE=InnoDB DEFAULT CHARSET=utf8mb4 COLLATE=utf8mb4_general_ci;

--
-- Dumping data for table `pemesanan_koleksi`
--

INSERT INTO `pemesanan_koleksi` (`kd_pemesanan`, `nomor_induk`, `jml`) VALUES
('111000000001', '711281122001', NULL),
('111000000002', '911281122002', NULL),
('111000000002', '811281122001', NULL),
('111000000003', '811281122003', NULL),
('111000000014', '711281122002', NULL),
('111000000015', '711281122002', NULL),
('111000000016', '711281122002', NULL),
('111000000017', '711281122002', NULL),
('111000000017', '711281122002', NULL),
('111000000018', '711281122002', NULL),
('111000000018', '711281122002', NULL),
('111000000019', '711281122002', NULL),
('111000000020', '711281122002', NULL),
('111000000021', '711281122002', NULL),
('111000000021', '711281122002', NULL),
('111000000022', '711281122002', NULL),
('111000000022', '711281122002', NULL),
('111000000023', '711281122002', NULL),
('111000000023', '711281122002', NULL),
('111000000024', '711281122002', NULL),
('111000000024', '711281122002', NULL),
('111000000028', '811281122001', NULL),
('111000000028', '811281122001', NULL),
('111000000029', '711281122002', NULL),
('111000000029', '711281122002', NULL),
('111000000030', '711281122002', NULL),
('111000000030', '711281122002', NULL),
('111000000032', '711281122002', NULL),
('111000000035', '711281122002', NULL),
('111000000035', '811281122001', NULL),
('111000000036', '711281122002', NULL),
('111000000045', '711281122002', NULL),
('111000000045', '811281122001', NULL),
('111000000046', '711281122002', NULL),
('111000000046', '811281122001', NULL),
('111000000047', '711281122002', NULL),
('111000000048', '711281122002', NULL),
('111000000048', '711281122002', NULL),
('111000000049', '711281122002', NULL),
('111000000049', '811281122001', NULL),
('111000000051', '711281122002', NULL),
('111000000051', '', NULL),
('111000000055', '711281122002', NULL),
('111000000056', '811281122001', NULL),
('111000000060', '711281122002', NULL),
('111000000067', '711281122002', NULL),
('111000000074', '711281122002', NULL),
('111000000075', '811281122001', NULL),
('111000000075', '711281122002', NULL),
('111000000093', '711281122001', NULL),
('111000000094', '711281122001', NULL),
('111000000095', '711281122001', NULL),
('111000000096', '711281122001', NULL),
('111000000097', '711281122001', NULL),
('111000000098', '711281122001', NULL),
('111000000099', '711281122001', NULL),
('111000000100', '711281122001', NULL),
('111000000101', '711281122001', NULL),
('111000000102', '711281122001', NULL),
('111000000103', '711281122001', NULL),
('111000000104', '711281122001', NULL),
('111000000134', '711281122001', NULL),
('111000000134', '711281122001', NULL),
('111000000135', '711281122001', NULL),
('111000000135', '711281122001', NULL),
('111000000136', '811281122004', NULL),
('111000000136', '811281122004', NULL),
('111000000139', '811281122004', NULL),
('111000000139', '811281122004', NULL),
('111000000140', '811281122001', NULL),
('111000000141', '811281122001', NULL),
('111000000142', '811281122001', NULL),
('111000000142', '811281122001', NULL),
('111000000143', '811281122001', NULL),
('111000000143', '811281122001', NULL),
('111000000144', '811281122001', NULL),
('111000000144', '811281122001', NULL),
('111000000145', '711281122002', NULL),
('111000000145', '811281122001', NULL),
('111000000147', '811281122001', NULL),
('111000000148', '811281122001', NULL),
('111000000151', '911281122005', 2),
('111000000152', '811281122004', 2),
('111000000152', '711281122001', 1),
('111000000153', '811281122004', 1),
('111000000153', '711281122001', 1),
('111000000154', '911281122005', 2),
('111000000154', '911281122005', 2),
('111000000155', '911281122005', 2),
('111000000156', '811281122004', 1),
('111000000165', '811281122004', 1),
('111000000166', '811281122004', 1),
('111000000167', '811281122004', 1),
('111000000168', '811281122004', 1),
('111000000169', '811281122004', 1),
('111000000171', '811281122004', 1),
('111000000172', '811281122004', 1),
('111000000173', '811281122004', 1),
('111000000173', '811281122004', 1),
('111000000173', '811281122004', 1),
('111000000174', '811281122004', 1),
('111000000175', '811281122003', 1),
('111000000176', '811281122003', 1),
('111000000178', '911281122005', 1),
('111000000179', '911281122005', 1),
('111000000182', '911281122005', 1),
('111000000186', '811281122004', 1),
('111000000189', '811281122003', 1),
('111000000197', '811281122004', 1),
('111000000197', '811281122004', NULL),
('111000000214', '811281122001', 1),
('111000000214', '811281122001', NULL),
('111000000214', '811281122001', 1),
('111000000214', '811281122001', NULL),
('111000000215', '911281122001', 1),
('111000000230', '711281122001', 2),
('111000000231', '711281122001', 2),
('111000000233', '811281122003', 2),
('111000000234', '711281122001', 2),
('111000000237', '911281122005', 2),
('111000000240', '811281122004', 1),
('111000000241', '711281122002', 1),
('111000000242', '911281122005', 1),
('111000000243', '911281122005', 1),
('111000000243', '711281122001', 1),
('111000000244', '711281122001', 1),
('111000000246', '811281122003', 1),
('111000000249', '811281122003', 1),
('111000000250', '911281122005', 2),
('111000000251', '911281122002', 2),
('111000000252', '911281122001', 1),
('111000000253', '911281122002', 1),
('111000000254', '911281122005', 1),
('111000000255', '511281122004', 1),
('111000000256', '511281122004', 1),
('111000000257', '511281122005', 1),
('111000000257', '811281122004', 1);

--
-- Triggers `pemesanan_koleksi`
--
DELIMITER $$
CREATE TRIGGER `delete_cart` AFTER INSERT ON `pemesanan_koleksi` FOR EACH ROW BEGIN
    	DElete from cart WHERE nomor_induk= new.nomor_induk;
    END
$$
DELIMITER ;
DELIMITER $$
CREATE TRIGGER `insert_pemesanan_koleksi` AFTER INSERT ON `pemesanan_koleksi` FOR EACH ROW BEGIN
        DECLARE stokN INTEGER;
	SET stokN := (SELECT stok FROM koleksi WHERE nomor_induk = new.nomor_induk);
	UPDATE koleksi SET stok = (stokN - 1) WHERE nomor_induk = new.nomor_induk;
    END
$$
DELIMITER ;

-- --------------------------------------------------------

--
-- Table structure for table `peminjaman`
--

CREATE TABLE `peminjaman` (
  `kd_peminjaman` char(12) NOT NULL,
  `kd_metode_sirkulasi` char(12) DEFAULT NULL,
  `kd_pemesanan` char(12) DEFAULT NULL,
  `id` char(12) DEFAULT NULL,
  `id_pustakawan` char(12) DEFAULT NULL,
  `tgl_peminjaman` datetime DEFAULT NULL,
  `tgl_jatuh_tempo` datetime DEFAULT NULL,
  `tgl_kembali` datetime DEFAULT NULL,
  `kondisi` enum('Baik','Rusak') DEFAULT NULL,
  `status` enum('Pinjam','Kembali') DEFAULT NULL,
  `hari_terlambat` int(11) DEFAULT NULL,
  `jml_denda` int(11) DEFAULT NULL
) ENGINE=InnoDB DEFAULT CHARSET=utf8mb4 COLLATE=utf8mb4_general_ci;

--
-- Dumping data for table `peminjaman`
--

INSERT INTO `peminjaman` (`kd_peminjaman`, `kd_metode_sirkulasi`, `kd_pemesanan`, `id`, `id_pustakawan`, `tgl_peminjaman`, `tgl_jatuh_tempo`, `tgl_kembali`, `kondisi`, `status`, `hari_terlambat`, `jml_denda`) VALUES
('PJ000001', 'PIJ', NULL, '533011000000', '233531000010', '2023-05-17 09:30:54', '2023-05-24 09:30:56', NULL, NULL, NULL, NULL, NULL),
('PJ000002', 'PIJ', NULL, '53301100140', '233531000010', '2023-05-17 09:31:16', '2023-05-24 09:31:16', '0000-00-00 00:00:00', '', 'Pinjam', 0, 0),
('PJ000003', 'PIJ', '111000000082', '53301100140', '233531000010', '2023-05-17 09:37:40', '2023-05-24 00:00:00', '0000-00-00 00:00:00', '', 'Pinjam', 0, 0),
('PJ000004', 'PIJ', '111000000091', '53301100140', '233531000010', '2023-05-17 10:08:00', '2023-05-24 10:08:00', '0000-00-00 00:00:00', '', 'Pinjam', 0, 0),
('PJ000005', 'PIJ', '111000000092', '53301100140', '233531000010', '2023-05-17 10:12:10', '2023-05-24 10:12:10', '0000-00-00 00:00:00', '', 'Pinjam', 0, 0),
('PJ000006', 'PIJ', '111000000093', '53301100140', '233531000010', '2023-05-17 10:13:10', '2023-05-24 10:13:10', '0000-00-00 00:00:00', '', 'Pinjam', 0, 0),
('PJ000007', 'PIJ', '111000000140', '53301100140', '233531000010', '2023-05-23 00:31:45', '2023-05-30 00:31:45', '0000-00-00 00:00:00', '', 'Pinjam', 0, 0),
('PJ000008', 'PIJ', '111000000141', '53301100140', '233531000010', '2023-05-23 00:35:19', '2023-05-30 00:35:19', '0000-00-00 00:00:00', '', 'Pinjam', 0, 0),
('PJ000009', 'PIJ', '111000000142', '53301100140', '233531000010', '2023-05-23 00:38:58', '2023-05-30 00:38:58', '0000-00-00 00:00:00', '', 'Pinjam', 0, 0),
('PJ000010', 'PIJ', '111000000143', '53301100140', '233531000010', '2023-05-23 00:39:36', '2023-05-30 00:39:36', '0000-00-00 00:00:00', '', 'Pinjam', 0, 0),
('PJ000011', 'PIJ', NULL, '53301100140', '233531000010', '2023-05-23 00:46:24', '2023-05-30 00:46:24', '0000-00-00 00:00:00', '', 'Pinjam', 0, 0),
('PJ000012', 'PIJ', '111000000144', '53301100140', '233531000010', '2023-05-23 00:55:57', '2023-05-30 00:55:57', '0000-00-00 00:00:00', '', 'Pinjam', 0, 0),
('PJ000013', 'PIJ', '111000000145', '53301100140', '233531000010', '2023-05-23 01:01:00', '2023-05-30 01:01:00', '0000-00-00 00:00:00', '', 'Pinjam', 0, 0),
('PJ000014', 'PIJ', '111000000146', '53301100140', '233531000010', '2023-05-23 01:02:57', '2023-05-30 01:02:57', '0000-00-00 00:00:00', '', 'Pinjam', 0, 0),
('PJ000015', 'PIJ', '111000000147', '53301100140', '233531000010', '2023-05-23 01:03:50', '2023-05-30 01:03:50', '0000-00-00 00:00:00', '', 'Pinjam', 0, 0),
('PJ000016', 'PIJ', '111000000148', '53301100140', '233531000010', '2023-05-23 01:08:03', '2023-05-30 01:08:03', '0000-00-00 00:00:00', '', 'Pinjam', 0, 0),
('PJ000017', 'PIJ', '111000000153', '53301100140', '233531000010', '2023-05-24 03:09:30', '2023-05-31 03:09:30', '0000-00-00 00:00:00', '', 'Pinjam', 0, 0),
('PJ000018', 'PIJ', '111000000156', '53301100140', '233531000010', '2023-05-24 23:09:35', '2023-05-31 23:09:35', '0000-00-00 00:00:00', '', 'Pinjam', 0, 0),
('PJ000019', 'PEG', NULL, '53301100140', '233531000010', '2023-05-25 00:28:15', '2023-06-01 00:28:15', '2023-06-10 00:29:22', 'Baik', 'Kembali', 9, 4500),
('PJ000022', 'PIJ', '111000000155', '53301100140', '233531000010', '2023-05-26 00:34:51', '2023-06-02 00:34:51', '0000-00-00 00:00:00', '', 'Pinjam', 0, 0),
('PJ000023', 'PIJ', '111000000154', '53301100140', '233531000010', '2023-05-26 00:35:41', '2023-06-02 00:35:41', '0000-00-00 00:00:00', '', 'Pinjam', 0, 0),
('PJ000024', 'PIJ', NULL, '53301100140', '233531000010', '2023-05-26 00:59:13', '2023-06-02 00:59:13', '0000-00-00 00:00:00', '', 'Pinjam', 0, 0),
('PJ000025', 'PIJ', NULL, '53301100140', '233531000010', '2023-05-26 00:59:27', '2023-06-02 00:59:27', '0000-00-00 00:00:00', '', 'Pinjam', 0, 0),
('PJ000026', 'PIJ', NULL, '53301100140', '233531000010', '2023-05-26 00:59:35', '2023-06-02 00:59:35', '0000-00-00 00:00:00', '', 'Pinjam', 0, 0),
('PJ000027', 'PIJ', NULL, '53301100140', '233531000010', '2023-05-26 01:03:41', '2023-06-02 01:03:41', '0000-00-00 00:00:00', '', 'Pinjam', 0, 0),
('PJ000028', 'PIJ', NULL, '53301100140', '233531000010', '2023-05-26 01:08:59', '2023-06-02 01:08:59', '0000-00-00 00:00:00', '', 'Pinjam', 0, 0),
('PJ000029', 'PIJ', NULL, '53301100140', '233531000010', '2023-05-26 01:09:42', '2023-06-02 01:09:42', '0000-00-00 00:00:00', '', 'Pinjam', 0, 0),
('PJ000030', 'PIJ', NULL, '53301100140', '233531000010', '2023-05-26 01:09:48', '2023-06-02 01:09:48', '0000-00-00 00:00:00', '', 'Pinjam', 0, 0),
('PJ000031', 'PIJ', NULL, '53301100140', '233531000010', '2023-05-26 01:10:00', '2023-06-02 01:10:00', '0000-00-00 00:00:00', '', 'Pinjam', 0, 0),
('PJ000032', 'PIJ', NULL, '53301100140', '233531000010', '2023-05-26 01:11:55', '2023-06-02 01:11:55', '0000-00-00 00:00:00', '', 'Pinjam', 0, 0),
('PJ000033', 'PIJ', NULL, '53301100140', '233531000010', '2023-05-26 01:13:15', '2023-06-02 01:13:15', '0000-00-00 00:00:00', '', 'Pinjam', 0, 0),
('PJ000034', 'PIJ', NULL, '53301100140', '233531000010', '2023-05-26 01:13:24', '2023-06-02 01:13:24', '0000-00-00 00:00:00', '', 'Pinjam', 0, 0),
('PJ000035', 'PIJ', NULL, '53301100140', '233531000010', '2023-05-26 01:14:44', '2023-06-02 01:14:44', '0000-00-00 00:00:00', '', 'Pinjam', 0, 0),
('PJ000036', 'PIJ', NULL, '53301100140', '233531000010', '2023-05-26 01:15:24', '2023-06-02 01:15:24', '0000-00-00 00:00:00', '', 'Pinjam', 0, 0),
('PJ000037', 'PIJ', NULL, '53301100140', '233531000010', '2023-05-26 01:18:54', '2023-06-02 01:18:54', '0000-00-00 00:00:00', '', 'Pinjam', 0, 0),
('PJ000038', 'PIJ', NULL, '53301100140', '233531000010', '2023-05-26 01:19:05', '2023-06-02 01:19:05', '0000-00-00 00:00:00', '', 'Pinjam', 0, 0),
('PJ000039', 'PIJ', NULL, '53301100140', '233531000010', '2023-05-26 01:21:52', '2023-06-02 01:21:52', '0000-00-00 00:00:00', '', 'Pinjam', 0, 0),
('PJ000040', 'PIJ', NULL, '53301100140', '233531000010', '2023-05-26 01:22:00', '2023-06-02 01:22:00', '0000-00-00 00:00:00', '', 'Pinjam', 0, 0),
('PJ000041', 'PIJ', '111000000190', '53301100140', '233531000010', '2023-05-26 17:35:42', '2023-06-02 17:35:42', '0000-00-00 00:00:00', '', 'Pinjam', 0, 0),
('PJ000042', 'PIJ', '111000000191', '53301100140', '233531000010', '2023-05-26 19:15:11', '2023-06-02 19:15:11', '0000-00-00 00:00:00', '', 'Pinjam', 0, 0),
('PJ000043', 'PIJ', '111000000213', '53301100140', '233531000010', '2023-05-28 21:32:35', '2023-06-04 21:32:35', '0000-00-00 00:00:00', '', 'Pinjam', 0, 0),
('PJ000044', 'PIJ', NULL, '53301100140', '233531000010', '2023-05-28 21:33:48', '2023-06-04 21:33:48', '0000-00-00 00:00:00', '', 'Pinjam', 0, 0),
('PJ000045', 'PIJ', '111000000219', '53301100140', '233531000010', '2023-05-28 22:24:33', '2023-06-04 22:24:33', '0000-00-00 00:00:00', '', 'Pinjam', 0, 0),
('PJ000046', 'PIJ', '111000000220', '53301100140', '233531000010', '2023-05-28 22:26:46', '2023-06-04 22:26:46', '0000-00-00 00:00:00', '', 'Pinjam', 0, 0),
('PJ000047', 'PIJ', '111000000221', '53301100140', '233531000010', '2023-05-28 22:27:38', '2023-06-04 22:27:38', '0000-00-00 00:00:00', '', 'Pinjam', 0, 0),
('PJ000048', 'PIJ', '111000000222', '53301100140', '233531000010', '2023-05-28 22:35:51', '2023-06-04 22:35:51', '0000-00-00 00:00:00', '', 'Pinjam', 0, 0),
('PJ000049', 'PIJ', '111000000223', '53301100140', '233531000010', '2023-05-28 22:37:50', '2023-06-04 22:37:50', '0000-00-00 00:00:00', '', 'Pinjam', 0, 0),
('PJ000050', 'PIJ', '111000000224', '53301100140', '233531000010', '2023-05-28 23:26:05', '2023-06-04 23:26:05', '0000-00-00 00:00:00', '', 'Pinjam', 0, 0),
('PJ000051', 'PIJ', '111000000225', '53301100140', '233531000010', '2023-05-28 23:34:41', '2023-06-04 23:34:41', '0000-00-00 00:00:00', '', 'Pinjam', 0, 0),
('PJ000052', 'PIJ', '111000000226', '53301100140', '233531000010', '2023-05-28 23:35:55', '2023-06-04 23:35:55', '0000-00-00 00:00:00', '', 'Pinjam', 0, 0),
('PJ000053', 'PIJ', '111000000227', '53301100140', '233531000010', '2023-05-28 23:37:30', '2023-06-04 23:37:30', '0000-00-00 00:00:00', '', 'Pinjam', 0, 0),
('PJ000054', 'PIJ', '111000000228', '53301100140', '233531000010', '2023-05-28 23:48:42', '2023-06-04 23:48:42', '0000-00-00 00:00:00', '', 'Pinjam', 0, 0),
('PJ000055', 'PIJ', '111000000229', '53301100140', '233531000010', '2023-05-29 00:00:40', '2023-06-05 00:00:40', '0000-00-00 00:00:00', '', 'Pinjam', 0, 0),
('PJ000056', 'PIJ', '111000000230', '53301100140', '233531000010', '2023-05-29 00:01:45', '2023-06-05 00:01:45', '0000-00-00 00:00:00', '', 'Pinjam', 0, 0),
('PJ000057', 'PIJ', '111000000231', '53301100140', '233531000010', '2023-05-29 00:04:04', '2023-06-05 00:04:04', '0000-00-00 00:00:00', '', 'Pinjam', 0, 0),
('PJ000058', 'PIJ', '111000000232', '53301100140', '233531000010', '2023-05-29 00:04:29', '2023-06-05 00:04:29', '0000-00-00 00:00:00', '', 'Pinjam', 0, 0),
('PJ000059', 'PIJ', '111000000233', '53301100140', '233531000010', '2023-05-29 00:06:46', '2023-06-05 00:06:46', '0000-00-00 00:00:00', '', 'Pinjam', 0, 0),
('PJ000060', 'PIJ', '111000000234', '53301100140', '233531000010', '2023-05-29 00:08:12', '2023-06-05 00:08:12', '0000-00-00 00:00:00', '', 'Pinjam', 0, 0),
('PJ000061', 'PIJ', '111000000235', '53301100140', '233531000010', '2023-05-29 00:09:11', '2023-06-05 00:09:11', '0000-00-00 00:00:00', '', 'Pinjam', 0, 0),
('PJ000062', 'PIJ', '111000000236', '53301100140', '233531000010', '2023-05-29 00:09:58', '2023-06-05 00:09:58', '0000-00-00 00:00:00', '', 'Pinjam', 0, 0),
('PJ000063', 'PIJ', '111000000237', '53301100140', '233531000010', '2023-05-29 00:11:04', '2023-06-05 00:11:04', '0000-00-00 00:00:00', '', 'Pinjam', 0, 0),
('PJ000064', 'PIJ', '111000000238', '53301100140', '233531000010', '2023-05-29 00:13:03', '2023-06-05 00:13:03', '0000-00-00 00:00:00', '', 'Pinjam', 0, 0),
('PJ000065', 'PIJ', '111000000239', '53301100140', '233531000010', '2023-05-29 04:51:30', '2023-06-05 04:51:30', '0000-00-00 00:00:00', '', 'Pinjam', 0, 0),
('PJ000066', 'PIJ', '111000000240', '53301100140', '233531000010', '2023-05-29 04:52:38', '2023-06-05 04:52:38', '0000-00-00 00:00:00', '', 'Pinjam', 0, 0),
('PJ000067', 'PIJ', '111000000241', '53301100140', '233531000010', '2023-05-29 04:54:13', '2023-06-05 04:54:13', '0000-00-00 00:00:00', '', 'Pinjam', 0, 0),
('PJ000068', 'PIJ', '111000000242', '53301100140', '233531000010', '2023-05-29 04:56:20', '2023-06-05 04:56:20', '0000-00-00 00:00:00', '', 'Pinjam', 0, 0),
('PJ000069', 'PIJ', '111000000243', '53301100140', '233531000010', '2023-05-29 05:32:39', '2023-06-05 05:32:39', '0000-00-00 00:00:00', '', 'Pinjam', 0, 0),
('PJ000070', 'PIJ', '111000000247', '53301100140', '233531000010', '2023-05-29 11:00:11', '2023-06-05 11:00:11', '0000-00-00 00:00:00', '', 'Pinjam', 0, 0),
('PJ000071', 'PIJ', '111000000248', '53301100140', '233531000010', '2023-05-29 11:01:46', '2023-06-05 11:01:46', '0000-00-00 00:00:00', '', 'Pinjam', 0, 0),
('PJ000072', 'PEG', '111000000249', '53301100140', '233531000010', '2023-05-29 11:02:47', '2023-06-05 11:02:47', '2023-06-06 15:20:50', 'Baik', 'Kembali', 1, 590),
('PJ000073', 'PEG', '111000000250', '53301100140', '233531000010', '2023-05-29 11:03:56', '2023-06-05 11:03:56', '2023-06-07 15:19:30', 'Baik', 'Kembali', 2, 1089),
('PJ000074', 'PEG', '111000000251', '53301100140', '233531000010', '2023-05-29 11:07:14', '2023-06-05 11:07:14', '2023-06-07 15:18:35', 'Baik', 'Kembali', 2, 1087),
('PJ000076', 'PEG', '111000000254', '53301100140', '233531000010', '2023-05-29 15:22:45', '2023-06-05 15:22:45', '2023-06-06 15:22:54', 'Baik', 'Kembali', 1, 500),
('PJ000077', 'PEG', NULL, '53301100140', '233531000010', '2023-05-29 16:09:04', '2023-06-05 16:09:04', '2023-05-30 01:15:17', 'Baik', 'Kembali', 7, 3310),
('PJ000079', 'PEG', '111000000253', '53301100140', '233531000010', '2023-05-29 16:47:32', '2023-06-05 16:47:32', '2023-05-29 16:48:44', 'Rusak', 'Kembali', 7, 3500),
('PJ000080', 'PIJ', '111000000255', '53301100141', '233531000010', '2023-05-31 19:28:28', '2023-06-07 19:28:28', '0000-00-00 00:00:00', '', 'Pinjam', 0, 0),
('PJ000081', 'PIJ', '111000000256', '53301100140', '233531000010', '2023-06-04 15:09:16', '2023-06-11 15:09:16', '0000-00-00 00:00:00', '', 'Pinjam', 0, 0),
('PJ000082', 'PIJ', NULL, '53301100140', '233531000010', '2023-06-04 15:09:42', '2023-06-11 15:09:42', '0000-00-00 00:00:00', '', 'Pinjam', 0, 0),
('PJ000083', 'PIJ', NULL, '53301100140', '233531000010', '2023-06-15 23:49:37', '2023-06-22 23:49:37', '0000-00-00 00:00:00', '', 'Pinjam', 0, 0),
('PJ000084', 'PIJ', '111000000257', '53301100140', '233531000010', '2023-06-15 23:50:16', '2023-06-22 23:50:16', '0000-00-00 00:00:00', '', 'Pinjam', 0, 0);

--
-- Triggers `peminjaman`
--
DELIMITER $$
CREATE TRIGGER `update_status_pemesanan` AFTER INSERT ON `peminjaman` FOR EACH ROW BEGIN
	UPDATE pemesanan SET `status` = 'Pinjam' WHERE kd_pemesanan = new.kd_pemesanan;
    END
$$
DELIMITER ;

-- --------------------------------------------------------

--
-- Table structure for table `peminjaman_koleksi`
--

CREATE TABLE `peminjaman_koleksi` (
  `kd_peminjaman` char(12) DEFAULT NULL,
  `nomor_induk` char(12) DEFAULT NULL,
  `jml` int(11) DEFAULT NULL
) ENGINE=InnoDB DEFAULT CHARSET=utf8mb4 COLLATE=utf8mb4_general_ci;

--
-- Dumping data for table `peminjaman_koleksi`
--

INSERT INTO `peminjaman_koleksi` (`kd_peminjaman`, `nomor_induk`, `jml`) VALUES
('PJ000002', '911281122001', NULL),
('PJ000006', '711281122001', NULL),
('PJ000006', '711281122001', NULL),
('PJ000013', '811281122001', NULL),
('PJ000013', '811281122001', NULL),
('PJ000015', '811281122001', NULL),
('PJ000015', '811281122001', NULL),
('PJ000017', '711281122001', NULL),
('PJ000017', '711281122001', NULL),
('PJ000022', '911281122005', NULL),
('PJ000023', '911281122005', NULL),
('PJ000027', '711281122001', NULL),
('PJ000069', '711281122001', 1),
('PJ000069', '711281122001', 1),
('PJ000072', '811281122003', 1),
('PJ000073', '911281122005', 2),
('PJ000074', '911281122002', 2),
('PJ000076', '911281122005', 1),
('PJ000079', '911281122002', 1),
('PJ000080', '511281122004', 1),
('PJ000082', '511281122003', NULL),
('PJ000083', '511281122003', NULL),
('PJ000084', '511281122005', 1),
('PJ000084', '811281122004', 1);

--
-- Triggers `peminjaman_koleksi`
--
DELIMITER $$
CREATE TRIGGER `insert_peminjaman_koleksi` AFTER INSERT ON `peminjaman_koleksi` FOR EACH ROW BEGIN
        DECLARE stokN INTEGER;
	SET stokN := (SELECT stok FROM koleksi WHERE nomor_induk = new.nomor_induk);
	UPDATE koleksi SET stok = (stokN - 1) WHERE nomor_induk = new.nomor_induk;
    END
$$
DELIMITER ;

-- --------------------------------------------------------

--
-- Table structure for table `pemustaka`
--

CREATE TABLE `pemustaka` (
  `id` char(12) NOT NULL,
  `jenis_identitas` enum('KTP','Kartu Pelajar') DEFAULT NULL,
  `nomor_identitas` char(16) DEFAULT NULL,
  `nama_lengkap` varchar(50) DEFAULT NULL,
  `no_hp` char(13) DEFAULT NULL,
  `jenis_kelamin` enum('Laki-laki','Perempuan') DEFAULT 'Laki-laki',
  `tgl_lahir` date DEFAULT NULL,
  `tmpt_lahir` varchar(50) DEFAULT NULL,
  `alamat` text DEFAULT NULL,
  `tgl_daftar` datetime DEFAULT NULL,
  `masa_berlaku` datetime DEFAULT NULL,
  `email` varchar(50) DEFAULT NULL,
  `password` varchar(50) NOT NULL,
  `gambar` varchar(255) DEFAULT NULL
) ENGINE=InnoDB DEFAULT CHARSET=utf8mb4 COLLATE=utf8mb4_general_ci;

--
-- Dumping data for table `pemustaka`
--

INSERT INTO `pemustaka` (`id`, `jenis_identitas`, `nomor_identitas`, `nama_lengkap`, `no_hp`, `jenis_kelamin`, `tgl_lahir`, `tmpt_lahir`, `alamat`, `tgl_daftar`, `masa_berlaku`, `email`, `password`, `gambar`) VALUES
('533011000000', 'KTP', '123', '12345', '12', 'Perempuan', '2023-03-28', '12', '12', '2023-03-28 00:00:00', '0000-00-00 00:00:00', '2', '2', 'gambar_anggota/WhatsApp Image 2023-03-09 at 6.20.17 PM.jpeg.jpeg'),
('533011000001', 'KTP', '128392983832', 'Emiya Salima Lutfi', '089672536253', 'Perempuan', '1970-01-15', 'Kebumen', 'Jalan Kaswarari No 23', '2023-03-22 17:36:25', '0000-00-00 00:00:00', 'emiya@gmai.com', 'emiya12345', NULL),
('533011000002', 'KTP', '283927378202', 'Sundiana Krena', '081726354612', 'Perempuan', '2000-06-13', 'Kebumen', 'Jalan Merpati no 8\r\n', '2022-12-13 00:19:56', '0000-00-00 00:00:00', 'sundiana@gmail.com', 'sundinaaa123', NULL),
('533011000003', 'KTP', '357273236132', 'Sunarmanika', '087253625342', 'Laki-laki', '2000-12-12', 'Kebumen', 'Jl Perintis no 2', '2022-12-12 12:00:00', '0000-00-00 00:00:00', 'sumar123@gmail.com', 'sumarr123', NULL),
('533011000004', 'KTP', '217273236254', 'Kalvina', '089653625873', 'Perempuan', '2005-07-05', 'Kebumen', 'Jl Joglo no 1', '2023-01-05 06:55:41', '0000-00-00 00:00:00', 'kav123@gmail.com', 'kavvvv111', NULL),
('53301100005', 'Kartu Pelajar', '974622240887', 'benny putra', '081024069951', 'Laki-laki', '1998-11-07', 'kebumen', 'Jalan Merpati no 8', '2023-01-08 01:17:43', '0000-00-00 00:00:00', 'bennyputra@gmail.com', 'bennyputra', NULL),
('53301100006', 'KTP', '494065107543', 'husnul habib', '085912086897', 'Laki-laki', '1997-05-08', 'kebumen', 'Jl Perintis no 2a', '2023-01-08 01:17:43', '0000-00-00 00:00:00', 'husnulhabib@gmail.com', 'husnulhabib', NULL),
('53301100007', 'KTP', '302567436304', 'rangga arief putra', '088776309021', 'Laki-laki', '1994-03-06', 'kebumen', 'Jl Joglo no 1', '2023-01-08 01:17:43', '0000-00-00 00:00:00', 'ranggaariefputra@gmail.com', 'ranggaariefputra', NULL),
('53301100008', 'Kartu Pelajar', '132319517060', 'fitra andri gunawan', '080238896070', 'Perempuan', '1983-02-24', 'kebumen', 'Jl Perintis no 2a', '2023-01-08 01:17:44', '0000-00-00 00:00:00', 'fitraandrigunawan@gmail.com', 'fitraandrigunawan', NULL),
('53301100009', 'Kartu Pelajar', '125184148407', 'linda rusmi wardani', '081884749715', 'Laki-laki', '1993-03-27', 'kebumen', 'Jalan Merpati no 8', '2023-01-08 01:17:44', '0000-00-00 00:00:00', 'lindarusmiwardani@gmail.com', 'lindarusmiwardani', NULL),
('53301100010', 'KTP', '777018444963', 'amalia wulandari', '082708974034', 'Perempuan', '1988-07-01', 'kebumen', 'Jalan Merpati no 8', '2023-01-08 01:17:44', '0000-00-00 00:00:00', 'amaliawulandari@gmail.com', 'amaliawulandari', NULL),
('53301100011', 'KTP', '711059469714', 'sry dhina pohan', '080242517694', 'Perempuan', '2002-07-11', 'kebumen', 'Jalan Merpati no 8', '2023-01-08 01:17:44', '0000-00-00 00:00:00', 'srydhinapohan@gmail.com', 'srydhinapohan', NULL),
('53301100012', 'KTP', '386300852720', 'fauzar', '084013458453', 'Laki-laki', '2010-09-16', 'kebumen', 'Jl Joglo no 1', '2023-01-08 01:17:44', '0000-00-00 00:00:00', 'fauzar@gmail.com', 'fauzar', NULL),
('53301100013', 'Kartu Pelajar', '364933363048', 'neni anggraeni dalimunthe', '080741709001', 'Perempuan', '1997-09-18', 'kebumen', 'Jalan Merpati no 8', '2023-01-08 01:17:44', '0000-00-00 00:00:00', 'nenianggraenidalimunthe@gmail.com', 'nenianggraenidalimunthe', NULL),
('53301100014', 'Kartu Pelajar', '553299872821', 'ridho fajri', '085603254166', 'Laki-laki', '2007-01-08', 'kebumen', 'Jalan Merpati no 8', '2023-01-08 01:17:44', '0000-00-00 00:00:00', 'ridhofajri@gmail.com', 'ridhofajri', NULL),
('53301100015', 'Kartu Pelajar', '131871001907', 'alfajri', '089042530250', 'Laki-laki', '2006-09-15', 'kebumen', 'Jl Joglo no 1', '2023-01-08 01:17:44', '0000-00-00 00:00:00', 'alfajri@gmail.com', 'alfajri', NULL),
('53301100016', 'KTP', '993241684163', 'anggia anfina', '080104199516', 'Perempuan', '2000-06-13', 'kebumen', 'Jalan Merpati no 8', '2023-01-08 01:17:44', '0000-00-00 00:00:00', 'anggiaanfina@gmail.com', 'anggiaanfina', NULL),
('53301100017', 'Kartu Pelajar', '471952307183', 'rahmi septhianingrum', '081773530188', 'Perempuan', '1996-10-13', 'kebumen', 'Jalan Merpati no 8', '2023-01-08 01:17:44', '0000-00-00 00:00:00', 'rahmisepthianingrum@gmail.com', 'rahmisepthianingrum', NULL),
('53301100018', 'Kartu Pelajar', '731373512665', 'mardiyyat fadliellah', '085213374681', 'Laki-laki', '1992-08-01', 'kebumen', 'Jl Joglo no 1', '2023-01-08 01:17:44', '0000-00-00 00:00:00', 'mardiyyatfadliellah@gmail.com', 'mardiyyatfadliellah', NULL),
('53301100019', 'Kartu Pelajar', '816516103957', 'rizkie hafizzah', '081407729346', 'Perempuan', '1990-09-22', 'kebumen', 'Jalan Merpati no 8', '2023-01-08 01:17:44', '0000-00-00 00:00:00', 'rizkiehafizzah@gmail.com', 'rizkiehafizzah', NULL),
('53301100020', 'KTP', '373401751527', 'azwar anas', '085830388758', 'Laki-laki', '1980-05-09', 'kebumen', 'Jl Perintis no 2a', '2023-01-08 01:17:44', '0000-00-00 00:00:00', 'azwaranas@gmail.com', 'azwaranas', NULL),
('53301100021', 'KTP', '742917485853', 'muhammad maksum sugondo', '086378925460', 'Laki-laki', '1991-06-22', 'kebumen', 'Jl Joglo no 1', '2023-01-08 01:17:44', '0000-00-00 00:00:00', 'muhammadmaksumsugondo@gmail.com', 'muhammadmaksumsugondo', NULL),
('53301100022', 'KTP', '917548019349', 'ibnuyohanzah ahmad', '081494695904', 'Laki-laki', '1987-10-02', 'kebumen', 'Jl Joglo no 1', '2023-01-08 01:17:45', '0000-00-00 00:00:00', 'ibnuyohanzahahmad@gmail.com', 'ibnuyohanzahahmad', NULL),
('53301100023', 'Kartu Pelajar', '269636636816', 'm. charly iman nugroho', '083505700265', 'Laki-laki', '1984-05-25', 'kebumen', 'Jl Joglo no 1', '2023-01-08 01:17:45', '0000-00-00 00:00:00', 'm.charlyimannugroho@gmail.com', 'm.charlyimannugroho', NULL),
('53301100024', 'KTP', '626171104762', 'ahmad fauzi paturusi', '089982285785', 'Laki-laki', '1983-03-19', 'kebumen', 'Jl Perintis no 2a', '2023-01-08 01:17:45', '0000-00-00 00:00:00', 'ahmadfauzipaturusi@gmail.com', 'ahmadfauzipaturusi', NULL),
('53301100025', 'KTP', '552769680010', 'rahmat hidayat', '085452275187', 'Laki-laki', '2009-05-23', 'kebumen', 'Jl Perintis no 2a', '2023-01-08 01:17:45', '0000-00-00 00:00:00', 'rahmathidayat@gmail.com', 'rahmathidayat', NULL),
('53301100026', 'Kartu Pelajar', '568581851991', 'firdaus', '084864811718', 'Laki-laki', '2007-09-03', 'kebumen', 'Jalan Merpati no 8', '2023-01-08 01:17:45', '0000-00-00 00:00:00', 'firdaus@gmail.com', 'firdaus', NULL),
('53301100027', 'Kartu Pelajar', '412867641650', 'muhammad hanafi', '080317433493', 'Laki-laki', '1985-01-13', 'kebumen', 'Jl Joglo no 1', '2023-01-08 01:17:45', '0000-00-00 00:00:00', 'muhammadhanafi@gmail.com', 'muhammadhanafi', NULL),
('53301100028', 'KTP', '761675422839', 'hamdani asril', '087973123205', 'Laki-laki', '1982-03-03', 'kebumen', 'Jl Perintis no 2a', '2023-01-08 01:17:45', '0000-00-00 00:00:00', 'hamdaniasril@gmail.com', 'hamdaniasril', NULL),
('53301100029', 'KTP', '860773096766', 'boby rahman', '089838662649', 'Laki-laki', '1994-12-07', 'kebumen', 'Jl Perintis no 2a', '2023-01-08 01:17:45', '0000-00-00 00:00:00', 'bobyrahman@gmail.com', 'bobyrahman', NULL),
('53301100030', 'KTP', '728419116042', 'deswanto', '082535067979', 'Laki-laki', '1991-09-23', 'kebumen', 'Jl Joglo no 1', '2023-01-08 01:17:45', '0000-00-00 00:00:00', 'deswanto@gmail.com', 'deswanto', NULL),
('53301100031', 'KTP', '317939010272', 'daniel sepra fatama', '089952186838', 'Laki-laki', '2000-01-06', 'kebumen', 'Jl Joglo no 1', '2023-01-08 01:17:45', '0000-00-00 00:00:00', 'danielseprafatama@gmail.com', 'danielseprafatama', NULL),
('53301100032', 'KTP', '880978701754', 'reza fahlevi', '089168235559', 'Laki-laki', '2001-12-11', 'kebumen', 'Jl Joglo no 1', '2023-01-08 01:17:45', '0000-00-00 00:00:00', 'rezafahlevi@gmail.com', 'rezafahlevi', NULL),
('53301100033', 'Kartu Pelajar', '800631002273', 'dias marzal fatama', '088008782039', 'Laki-laki', '1980-07-19', 'kebumen', 'Jl Perintis no 2a', '2023-01-08 01:17:45', '0000-00-00 00:00:00', 'diasmarzalfatama@gmail.com', 'diasmarzalfatama', NULL),
('53301100034', 'Kartu Pelajar', '729642813473', 'zukri rahman', '083507383026', 'Laki-laki', '2008-01-17', 'kebumen', 'Jalan Merpati no 8', '2023-01-08 01:17:45', '0000-00-00 00:00:00', 'zukrirahman@gmail.com', 'zukrirahman', NULL),
('53301100035', 'KTP', '694033676713', 'tika handayani asnur', '085131844970', 'Perempuan', '1995-07-01', 'kebumen', 'Jalan Merpati no 8', '2023-01-08 01:17:45', '0000-00-00 00:00:00', 'tikahandayaniasnur@gmail.com', 'tikahandayaniasnur', NULL),
('53301100036', 'KTP', '674498453911', 'arinda oktaviana', '085613713762', 'Perempuan', '1998-12-04', 'kebumen', 'Jl Perintis no 2a', '2023-01-08 01:17:45', '0000-00-00 00:00:00', 'arindaoktaviana@gmail.com', 'arindaoktaviana', NULL),
('53301100037', 'Kartu Pelajar', '736763728974', 'sakiyo', '089781618343', 'Laki-laki', '1988-12-09', 'kebumen', 'Jl Perintis no 2a', '2023-01-08 01:17:45', '0000-00-00 00:00:00', 'sakiyo@gmail.com', 'sakiyo', NULL),
('53301100038', 'Kartu Pelajar', '084061180970', 'fitri meldiani', '081827628783', 'Perempuan', '1988-03-02', 'kebumen', 'Jalan Merpati no 8', '2023-01-08 01:17:45', '0000-00-00 00:00:00', 'fitrimeldiani@gmail.com', 'fitrimeldiani', NULL),
('53301100039', 'KTP', '497796645522', 'fadil rahmat andini', '089637687847', 'Laki-laki', '1992-08-01', 'kebumen', 'Jl Perintis no 2a', '2023-01-08 01:17:45', '0000-00-00 00:00:00', 'fadilrahmatandini@gmail.com', 'fadilrahmatandini', NULL),
('53301100040', 'KTP', '308722271214', 'thovanni jogga', '087866581356', 'Laki-laki', '1992-08-11', 'kebumen', 'Jl Perintis no 2a', '2023-01-08 01:17:45', '0000-00-00 00:00:00', 'thovannijogga@gmail.com', 'thovannijogga', NULL),
('53301100041', 'KTP', '980349497778', 'muhammad azmy', '081764394068', 'Laki-laki', '1996-08-18', 'kebumen', 'Jl Perintis no 2a', '2023-01-08 01:17:45', '0000-00-00 00:00:00', 'muhammadazmy@gmail.com', 'muhammadazmy', NULL),
('53301100042', 'KTP', '148876366895', 'kurniawan rosman a', '086463572127', 'Laki-laki', '2009-09-22', 'kebumen', 'Jl Joglo no 1', '2023-01-08 01:17:45', '0000-00-00 00:00:00', 'kurniawanrosmana@gmail.com', 'kurniawanrosmana', NULL),
('53301100043', 'KTP', '405897456369', 'jufianto henri', '084719971280', 'Laki-laki', '2002-01-12', 'kebumen', 'Jl Joglo no 1', '2023-01-08 01:17:46', '0000-00-00 00:00:00', 'jufiantohenri@gmail.com', 'jufiantohenri', NULL),
('53301100044', 'Kartu Pelajar', '199109524800', 'dinda afani', '086933342800', 'Perempuan', '1985-03-21', 'kebumen', 'Jl Perintis no 2a', '2023-01-08 01:17:46', '0000-00-00 00:00:00', 'dindaafani@gmail.com', 'dindaafani', NULL),
('53301100045', 'Kartu Pelajar', '476612779793', 'arie biola gunti masuko', '084943549031', 'Laki-laki', '1981-12-09', 'kebumen', 'Jl Joglo no 1', '2023-01-08 01:17:46', '0000-00-00 00:00:00', 'ariebiolaguntimasuko@gmail.com', 'ariebiolaguntimasuko', NULL),
('53301100046', 'KTP', '327460337007', 'ibnuyohanzah ahmad', '081378169547', 'Laki-laki', '2004-02-11', 'kebumen', 'Jl Perintis no 2a', '2023-01-08 01:17:46', '0000-00-00 00:00:00', 'ibnuyohanzahahmad@gmail.com', 'ibnuyohanzahahmad', NULL),
('53301100047', 'Kartu Pelajar', '197494315169', 'lailatul izzati', '081243716480', 'Perempuan', '1981-12-05', 'kebumen', 'Jalan Merpati no 8', '2023-01-08 01:17:46', '0000-00-00 00:00:00', 'lailatulizzati@gmail.com', 'lailatulizzati', NULL),
('53301100048', 'Kartu Pelajar', '510082688508', 'harika vaizal', '085012638660', 'Laki-laki', '1988-02-01', 'kebumen', 'Jl Perintis no 2a', '2023-01-08 01:17:46', '0000-00-00 00:00:00', 'harikavaizal@gmail.com', 'harikavaizal', NULL),
('53301100049', 'KTP', '603440446262', 'ade indra sukma', '081815165547', 'Perempuan', '1999-09-27', 'kebumen', 'Jl Joglo no 1', '2023-01-08 01:17:46', '0000-00-00 00:00:00', 'adeindrasukma@gmail.com', 'adeindrasukma', NULL),
('53301100050', 'Kartu Pelajar', '711975726586', 'ridho', '086698711847', 'Laki-laki', '1985-04-21', 'kebumen', 'Jl Perintis no 2a', '2023-01-08 01:17:46', '0000-00-00 00:00:00', 'ridho@gmail.com', 'ridho', NULL),
('53301100051', 'Kartu Pelajar', '376360725514', 'untung sugiono', '087694121798', 'Laki-laki', '1992-10-02', 'kebumen', 'Jl Joglo no 1', '2023-01-08 01:17:46', '0000-00-00 00:00:00', 'untungsugiono@gmail.com', 'untungsugiono', NULL),
('53301100052', 'KTP', '385825884251', 'siti romlah', '089957211402', 'Perempuan', '2007-04-27', 'kebumen', 'Jl Perintis no 2a', '2023-01-08 01:17:46', '0000-00-00 00:00:00', 'sitiromlah@gmail.com', 'sitiromlah', NULL),
('53301100053', 'Kartu Pelajar', '740422782352', 'zakiah nurviani', '089818279882', 'Perempuan', '2006-06-01', 'kebumen', 'Jalan Merpati no 8', '2023-01-08 01:17:46', '0000-00-00 00:00:00', 'zakiahnurviani@gmail.com', 'zakiahnurviani', NULL),
('53301100054', 'Kartu Pelajar', '859007582439', 'putri wahyuni', '081036891687', 'Perempuan', '1988-04-13', 'kebumen', 'Jl Joglo no 1', '2023-01-08 01:17:46', '0000-00-00 00:00:00', 'putriwahyuni@gmail.com', 'putriwahyuni', NULL),
('53301100055', 'KTP', '962836761708', 'nazarudin yusuf', '084944113637', 'Laki-laki', '1997-11-27', 'kebumen', 'Jalan Merpati no 8', '2023-01-08 01:17:46', '0000-00-00 00:00:00', 'nazarudinyusuf@gmail.com', 'nazarudinyusuf', NULL),
('53301100056', 'Kartu Pelajar', '737166862853', 'arinda oktaviana', '087056813204', 'Perempuan', '1983-01-11', 'kebumen', 'Jl Perintis no 2a', '2023-01-08 01:17:46', '0000-00-00 00:00:00', 'arindaoktaviana@gmail.com', 'arindaoktaviana', NULL),
('53301100057', 'KTP', '435248863621', 'muhammad alayyubi', '082421394823', 'Laki-laki', '1995-09-09', 'kebumen', 'Jl Joglo no 1', '2023-01-08 01:17:46', '0000-00-00 00:00:00', 'muhammadalayyubi@gmail.com', 'muhammadalayyubi', NULL),
('53301100058', 'Kartu Pelajar', '263338553355', 'rian aries fani', '081307550436', 'Laki-laki', '2002-06-18', 'kebumen', 'Jl Perintis no 2a', '2023-01-08 01:17:46', '0000-00-00 00:00:00', 'rianariesfani@gmail.com', 'rianariesfani', NULL),
('53301100059', 'KTP', '395196844679', 'winggo aga septian', '088463918794', 'Laki-laki', '2007-06-18', 'kebumen', 'Jl Perintis no 2a', '2023-01-08 01:17:46', '0000-00-00 00:00:00', 'winggoagaseptian@gmail.com', 'winggoagaseptian', NULL),
('53301100060', 'KTP', '535722223301', 'suliatun', '086711633690', 'Perempuan', '2010-05-28', 'kebumen', 'Jalan Merpati no 8', '2023-01-08 01:17:47', '0000-00-00 00:00:00', 'suliatun@gmail.com', 'suliatun', NULL),
('53301100061', 'Kartu Pelajar', '105348594058', 'lailatul izzati', '083130391652', 'Perempuan', '2009-03-28', 'kebumen', 'Jl Perintis no 2a', '2023-01-08 01:17:47', '0000-00-00 00:00:00', 'lailatulizzati@gmail.com', 'lailatulizzati', NULL),
('53301100062', 'KTP', '945134017518', 'shynta dwi afitri', '086718803320', 'Perempuan', '2007-06-12', 'kebumen', 'Jl Joglo no 1', '2023-01-08 01:17:47', '0000-00-00 00:00:00', 'shyntadwiafitri@gmail.com', 'shyntadwiafitri', NULL),
('53301100063', 'KTP', '125862915235', 'ayu andira', '087027058462', 'Perempuan', '1995-07-22', 'kebumen', 'Jalan Merpati no 8', '2023-01-08 01:17:47', '0000-00-00 00:00:00', 'ayuandira@gmail.com', 'ayuandira', NULL),
('53301100064', 'KTP', '582541584618', 'jukhri syahputra', '081348920263', 'Laki-laki', '2009-01-12', 'kebumen', 'Jalan Merpati no 8', '2023-01-08 01:17:47', '0000-00-00 00:00:00', 'jukhrisyahputra@gmail.com', 'jukhrisyahputra', NULL),
('53301100065', 'KTP', '901800649517', 'elennuari', '088082597357', 'Perempuan', '1989-03-28', 'kebumen', 'Jl Joglo no 1', '2023-01-08 01:17:47', '0000-00-00 00:00:00', 'elennuari@gmail.com', 'elennuari', NULL),
('53301100066', 'Kartu Pelajar', '159653795616', 'eka nur safitri', '086520607605', 'Perempuan', '2002-04-21', 'kebumen', 'Jl Perintis no 2a', '2023-01-08 01:17:47', '0000-00-00 00:00:00', 'ekanursafitri@gmail.com', 'ekanursafitri', NULL),
('53301100067', 'Kartu Pelajar', '516747329464', 'pikril islami', '080062406154', 'Laki-laki', '1986-01-27', 'kebumen', 'Jalan Merpati no 8', '2023-01-08 01:17:47', '0000-00-00 00:00:00', 'pikrilislami@gmail.com', 'pikrilislami', NULL),
('53301100068', 'KTP', '781860283368', 'pajar bahari', '087247016987', 'Laki-laki', '2000-08-17', 'kebumen', 'Jl Perintis no 2a', '2023-01-08 01:17:47', '0000-00-00 00:00:00', 'pajarbahari@gmail.com', 'pajarbahari', NULL),
('53301100069', 'Kartu Pelajar', '706316663270', 'rahmadi gusri', '085993840692', 'Laki-laki', '1983-04-12', 'kebumen', 'Jl Perintis no 2a', '2023-01-08 01:17:47', '0000-00-00 00:00:00', 'rahmadigusri@gmail.com', 'rahmadigusri', NULL),
('53301100070', 'Kartu Pelajar', '929015772817', 'fitri meldiani', '087768687842', 'Perempuan', '1982-07-23', 'kebumen', 'Jl Joglo no 1', '2023-01-08 01:17:47', '0000-00-00 00:00:00', 'fitrimeldiani@gmail.com', 'fitrimeldiani', NULL),
('53301100071', 'KTP', '770992965338', 'nurgivo alfajri', '084242186758', 'Laki-laki', '2010-10-04', 'kebumen', 'Jl Perintis no 2a', '2023-01-08 01:17:47', '0000-00-00 00:00:00', 'nurgivoalfajri@gmail.com', 'nurgivoalfajri', NULL),
('53301100072', 'KTP', '480919111223', 'suriyani', '081271767539', 'Perempuan', '1987-10-15', 'kebumen', 'Jl Perintis no 2a', '2023-01-08 01:17:47', '0000-00-00 00:00:00', 'suriyani@gmail.com', 'suriyani', NULL),
('53301100073', 'KTP', '897593379860', 'indah rahmawati', '086779729757', 'Perempuan', '1993-04-21', 'kebumen', 'Jl Joglo no 1', '2023-01-08 01:17:47', '0000-00-00 00:00:00', 'indahrahmawati@gmail.com', 'indahrahmawati', NULL),
('53301100074', 'Kartu Pelajar', '826921353244', 'nurul gayatri indah reza', '084069443677', 'Perempuan', '1986-01-14', 'kebumen', 'Jl Joglo no 1', '2023-01-08 01:17:47', '0000-00-00 00:00:00', 'nurulgayatriindahreza@gmail.com', 'nurulgayatriindahreza', NULL),
('53301100075', 'KTP', '413724298942', 'kurniawan eka putra', '080387750946', 'Laki-laki', '1998-09-23', 'kebumen', 'Jl Perintis no 2a', '2023-01-08 01:17:47', '0000-00-00 00:00:00', 'kurniawanekaputra@gmail.com', 'kurniawanekaputra', NULL),
('53301100076', 'KTP', '000996942444', 'yunaldi rizki putra', '082801119034', 'Laki-laki', '1992-11-18', 'kebumen', 'Jl Perintis no 2a', '2023-01-08 01:17:47', '0000-00-00 00:00:00', 'yunaldirizkiputra@gmail.com', 'yunaldirizkiputra', NULL),
('53301100077', 'Kartu Pelajar', '816707842598', 'fauzar', '083438207798', 'Laki-laki', '1981-11-13', 'kebumen', 'Jl Joglo no 1', '2023-01-08 01:17:47', '0000-00-00 00:00:00', 'fauzar@gmail.com', 'fauzar', NULL),
('53301100078', 'KTP', '528763955529', 'puji astuti', '089588985040', 'Perempuan', '2009-11-17', 'kebumen', 'Jl Perintis no 2a', '2023-01-08 01:17:47', '0000-00-00 00:00:00', 'pujiastuti@gmail.com', 'pujiastuti', NULL),
('53301100079', 'KTP', '016575635744', 'nazarudin yusuf', '081152424255', 'Laki-laki', '1993-10-14', 'kebumen', 'Jl Joglo no 1', '2023-01-08 01:17:47', '0000-00-00 00:00:00', 'nazarudinyusuf@gmail.com', 'nazarudinyusuf', NULL),
('53301100080', 'KTP', '715187259115', 'rudi kurniawan', '080168611368', 'Laki-laki', '2004-09-16', 'kebumen', 'Jalan Merpati no 8', '2023-01-08 01:17:48', '0000-00-00 00:00:00', 'rudikurniawan@gmail.com', 'rudikurniawan', NULL),
('53301100081', 'KTP', '737423298318', 'nony chrisnayanti', '080421650890', 'Perempuan', '2008-11-17', 'kebumen', 'Jl Perintis no 2a', '2023-01-08 01:17:48', '0000-00-00 00:00:00', 'nonychrisnayanti@gmail.com', 'nonychrisnayanti', NULL),
('53301100082', 'KTP', '033394634742', 'supriadi', '085959481613', 'Laki-laki', '1981-10-17', 'kebumen', 'Jalan Merpati no 8', '2023-01-08 01:17:48', '0000-00-00 00:00:00', 'supriadi@gmail.com', 'supriadi', NULL),
('53301100083', 'KTP', '980030430425', 'andryan dwi cahyono', '086442711061', 'Laki-laki', '2005-11-22', 'kebumen', 'Jl Joglo no 1', '2023-01-08 01:17:49', '0000-00-00 00:00:00', 'andryandwicahyono@gmail.com', 'andryandwicahyono', NULL),
('53301100084', 'Kartu Pelajar', '081910648873', 'muhammad azmy', '087472172630', 'Laki-laki', '1984-06-26', 'kebumen', 'Jl Perintis no 2a', '2023-01-08 01:17:49', '0000-00-00 00:00:00', 'muhammadazmy@gmail.com', 'muhammadazmy', NULL),
('53301100085', 'KTP', '752884225506', 'suci fahma julia', '086450544825', 'Perempuan', '2005-02-14', 'kebumen', 'Jl Joglo no 1', '2023-01-08 01:17:49', '0000-00-00 00:00:00', 'sucifahmajulia@gmail.com', 'sucifahmajulia', NULL),
('53301100086', 'Kartu Pelajar', '423438145030', 'nofan widiyarna', '082769428907', 'Laki-laki', '1998-06-16', 'kebumen', 'Jl Perintis no 2a', '2023-01-08 01:17:49', '0000-00-00 00:00:00', 'nofanwidiyarna@gmail.com', 'nofanwidiyarna', NULL),
('53301100087', 'KTP', '167556942278', 'resa putri ananda', '087431032655', 'Perempuan', '2000-04-09', 'kebumen', 'Jalan Merpati no 8', '2023-01-08 01:17:50', '0000-00-00 00:00:00', 'resaputriananda@gmail.com', 'resaputriananda', NULL),
('53301100088', 'Kartu Pelajar', '070869666099', 'desnando', '081370233327', 'Laki-laki', '2005-03-12', 'kebumen', 'Jl Perintis no 2a', '2023-01-08 01:17:50', '0000-00-00 00:00:00', 'desnando@gmail.com', 'desnando', NULL),
('53301100089', 'Kartu Pelajar', '566878313181', 'andre ganda wilaga putra', '082908765242', 'Laki-laki', '1984-09-06', 'kebumen', 'Jalan Merpati no 8', '2023-01-08 01:17:50', '0000-00-00 00:00:00', 'andregandawilagaputra@gmail.com', 'andregandawilagaputra', NULL),
('53301100090', 'Kartu Pelajar', '830154557579', 'anita pauzia hsb', '083631775049', 'Perempuan', '1996-03-25', 'kebumen', 'Jl Joglo no 1', '2023-01-08 01:17:50', '0000-00-00 00:00:00', 'anitapauziahsb@gmail.com', 'anitapauziahsb', NULL),
('53301100091', 'KTP', '988959117860', 'rianto', '086620869541', 'Laki-laki', '1988-05-16', 'kebumen', 'Jl Perintis no 2a', '2023-01-08 01:17:50', '0000-00-00 00:00:00', 'rianto@gmail.com', 'rianto', NULL),
('53301100092', 'Kartu Pelajar', '703268265356', 'indriani saritsha', '087027223213', 'Perempuan', '1987-04-25', 'kebumen', 'Jl Joglo no 1', '2023-01-08 01:17:50', '0000-00-00 00:00:00', 'indrianisaritsha@gmail.com', 'indrianisaritsha', NULL),
('53301100093', 'KTP', '684342359126', 'suci hijryani fitry', '089750091633', 'Perempuan', '1983-04-12', 'kebumen', 'Jl Joglo no 1', '2023-01-08 01:17:50', '0000-00-00 00:00:00', 'sucihijryanifitry@gmail.com', 'sucihijryanifitry', NULL),
('53301100094', 'Kartu Pelajar', '851068152380', 'ade surahman', '081123464434', 'Laki-laki', '2010-11-07', 'kebumen', 'Jl Perintis no 2a', '2023-01-08 01:17:50', '0000-00-00 00:00:00', 'adesurahman@gmail.com', 'adesurahman', NULL),
('53301100095', 'Kartu Pelajar', '653314479039', 'rahmi septhianingrum', '088105046016', 'Perempuan', '1983-12-12', 'kebumen', 'Jl Joglo no 1', '2023-01-08 01:17:50', '0000-00-00 00:00:00', 'rahmisepthianingrum@gmail.com', 'rahmisepthianingrum', NULL),
('53301100096', 'Kartu Pelajar', '833617229251', 'habzer maisera', '089067337105', 'Laki-laki', '1998-07-21', 'kebumen', 'Jl Perintis no 2a', '2023-01-08 01:17:50', '0000-00-00 00:00:00', 'habzermaisera@gmail.com', 'habzermaisera', NULL),
('53301100097', 'KTP', '647450679269', 'herman efendi', '082883814524', 'Laki-laki', '1988-12-10', 'kebumen', 'Jalan Merpati no 8', '2023-01-08 01:17:50', '0000-00-00 00:00:00', 'hermanefendi@gmail.com', 'hermanefendi', NULL),
('53301100098', 'KTP', '444076467638', 'rahmi andreni', '082129721783', 'Perempuan', '2007-05-27', 'kebumen', 'Jalan Merpati no 8', '2023-01-08 01:17:50', '0000-00-00 00:00:00', 'rahmiandreni@gmail.com', 'rahmiandreni', NULL),
('53301100099', 'Kartu Pelajar', '180627084305', 'nazarudin yusuf', '089368122340', 'Laki-laki', '2002-05-09', 'kebumen', 'Jl Perintis no 2a', '2023-01-08 01:17:50', '0000-00-00 00:00:00', 'nazarudinyusuf@gmail.com', 'nazarudinyusuf', NULL),
('53301100100', 'KTP', '999198822862', 'sigit nugroho', '082977989023', 'Laki-laki', '2009-04-19', 'kebumen', 'Jl Joglo no 1', '2023-01-08 01:17:50', '0000-00-00 00:00:00', 'sigitnugroho@gmail.com', 'sigitnugroho', NULL),
('53301100101', 'Kartu Pelajar', '427200217098', 'nony chrisnayanti', '088078778625', 'Perempuan', '1995-04-12', 'kebumen', 'Jl Joglo no 1', '2023-01-08 01:17:50', '0000-00-00 00:00:00', 'nonychrisnayanti@gmail.com', 'nonychrisnayanti', NULL),
('53301100102', 'KTP', '624743081904', 'ilham fajri', '087815786878', 'Laki-laki', '1985-10-24', 'kebumen', 'Jl Joglo no 1', '2023-01-08 01:17:50', '0000-00-00 00:00:00', 'ilhamfajri@gmail.com', 'ilhamfajri', NULL),
('53301100103', 'Kartu Pelajar', '172795445082', 'irpandi kurniawan', '085766222213', 'Laki-laki', '1999-03-04', 'kebumen', 'Jalan Merpati no 8', '2023-01-08 01:17:50', '0000-00-00 00:00:00', 'irpandikurniawan@gmail.com', 'irpandikurniawan', NULL),
('53301100104', 'KTP', '368831582595', 'herman efendi', '086196075956', 'Laki-laki', '2008-06-12', 'kebumen', 'Jl Joglo no 1', '2023-01-08 01:17:50', '0000-00-00 00:00:00', 'hermanefendi@gmail.com', 'hermanefendi', NULL),
('53301100105', 'KTP', '368831582595', 'Yuliaka Sina', '089123452615', 'Perempuan', '2001-12-23', 'Kebumen', 'Jl Merpati no 90', '2023-01-08 15:18:10', '0000-00-00 00:00:00', 'sina0919@gmail.com', 'sina123456', NULL),
('53301100107', 'Kartu Pelajar', '1331', 'sannnntt', '91991', 'Laki-laki', '2019-06-27', '11', '0', '2023-04-03 01:27:08', '2026-04-03 01:27:08', '0', '00', 'gambar_anggota/sss.jpeg.jpeg'),
('53301100108', 'KTP', '99', '9', '9', 'Laki-laki', '2023-08-03', '88', '8', '2023-04-03 02:42:48', '2026-04-03 02:42:48', '8', '8', 'gambar_anggota/4.jpg.jpg'),
('53301100109', 'Kartu Pelajar', '123456', 'Baggi Hatti Immani', '01010101010', 'Laki-laki', '2023-04-06', 'Sleman', 'Sleman', '2023-04-06 16:49:55', '2026-04-06 16:49:55', 'baggi@baggi.com', '123', 'gambar_anggota/5190311042.jpg.jpg'),
('53301100110', 'Kartu Pelajar', '777', '7777', '77', 'Laki-laki', '0088-08-07', '8', '7', '2023-05-03 11:48:01', '2026-05-03 11:48:01', '7', '7', 'gambar_anggota/WhatsApp Image 2023-03-09 at 6.20.36 PM.jpeg.jpeg'),
('53301100111', 'Kartu Pelajar', '166', '66', '6', 'Laki-laki', '6666-06-06', '6', '6', '2023-05-03 12:04:12', '2026-05-03 12:04:12', '6', '6', 'gambar_anggota/WhatsApp Image 2023-03-09 at 6.20.17 PM.jpeg.jpeg'),
('53301100112', 'Kartu Pelajar', '619', 'rey', '0202020', 'Laki-laki', '1890-12-18', 'YK', 'YK', '2023-05-03 12:06:49', '2026-05-03 12:06:49', 'YK', '123', 'gambar_anggota/WhatsApp Image 2023-03-09 at 6.20.17 PM.jpeg.jpeg'),
('53301100113', 'Kartu Pelajar', '1', '1', '9', 'Laki-laki', '0011-11-11', '1', '1', '2023-05-03 12:12:34', '2026-05-03 12:12:34', '1', '11', 'gambar_anggota/WhatsApp Image 2023-03-09 at 6.20.17 PM.jpeg.jpeg'),
('53301100114', 'Kartu Pelajar', '123', '12', '1', 'Laki-laki', '0011-11-11', '1', '1', '2023-05-03 12:14:10', '2026-05-03 12:14:10', '1', '1', 'gambar_anggota/WhatsApp Image 2023-03-09 at 6.20.17 PM.jpeg.jpeg'),
('53301100115', 'KTP', '888', '8', '8', 'Perempuan', '0088-08-08', '9', '9', '2023-05-03 12:15:27', '2026-05-03 12:15:27', '9', '9', 'gambar_anggota/WhatsApp Image 2023-03-09 at 6.20.36 PM.jpeg.jpeg'),
('53301100116', 'Kartu Pelajar', '1', '1', '1', 'Laki-laki', '0011-11-11', '1', '1', '2023-05-03 12:34:56', '2026-05-03 12:34:56', '1', '1', 'gambar_anggota/WhatsApp Image 2023-03-09 at 6.20.17 PM.jpeg.jpeg'),
('53301100117', 'Kartu Pelajar', '122', '1', '8', 'Laki-laki', '0777-07-07', '7', '7', '2023-05-03 12:36:38', '2026-05-03 12:36:38', '7', '7', 'gambar_anggota/WhatsApp Image 2023-03-09 at 6.20.36 PM.jpeg.jpeg'),
('53301100118', 'Kartu Pelajar', '8', '8', '8', 'Laki-laki', '0008-08-08', '8', '8', '2023-05-03 12:40:23', '2026-05-03 12:40:23', '8', '8', 'gambar_anggota/WhatsApp Image 2023-03-09 at 6.20.17 PM.jpeg.jpeg'),
('53301100119', 'Kartu Pelajar', '9', '9', '9', 'Laki-laki', '0888-08-08', '8', '8', '2023-05-03 12:43:37', '2026-05-03 12:43:37', '8', '8', 'gambar_anggota/WhatsApp Image 2023-03-09 at 6.20.17 PM.jpeg.jpeg'),
('53301100120', 'Kartu Pelajar', '111', '11', '1', 'Laki-laki', '0001-11-11', '1', '1', '2023-05-03 12:45:25', '2026-05-03 12:45:25', '1', '1', 'gambar_anggota/WhatsApp Image 2023-03-09 at 6.20.36 PM.jpeg.jpeg'),
('53301100121', 'Kartu Pelajar', '1', 'AELAHMEN', '0191019', 'Laki-laki', '2023-05-05', 'JAKARTAHAMMERS', 'JAKARTA', '2023-05-05 16:33:51', '2026-05-05 16:33:51', 'admin@admin.com', '1', 'gambar_anggota/116_12_PERPUSA.jpg.jpg'),
('53301100122', 'Kartu Pelajar', '1', 'Asep', '01010', 'Laki-laki', '1111-11-11', 'k', 'k', '2023-05-06 16:44:08', '2026-05-06 16:44:08', 'k@k.com', 'kk', 'gambar_anggota/116_12_PERPUSA.jpg.jpg'),
('53301100123', 'Kartu Pelajar', '7', 'CR', '7', 'Laki-laki', '0000-00-00', '77', '7', '2023-05-06 17:24:35', '2026-05-06 17:24:35', '7', '7777', 'gambar_anggota/116_12_PERPUSA.jpg.jpg'),
('53301100124', 'Kartu Pelajar', '1', 'm10', '10', 'Laki-laki', '1111-11-11', '1', '1', '2023-05-06 17:26:20', '2026-05-06 17:26:20', '11', '1', 'gambar_anggota/116_12_PERPUSA.jpg.jpg'),
('53301100125', 'KTP', 'siuu', 'siuu', 'siuu', 'Laki-laki', '1111-11-11', 'siuu', 'siuu', '2023-05-07 21:05:10', '2026-05-07 21:05:10', 'siuu', 'siuu', 'gambar_anggota/img1.jpg.jpg'),
('53301100126', 'Kartu Pelajar', 'roni', 'roni', '1', 'Laki-laki', '1111-11-11', '1', '1', '2023-05-08 09:36:35', '2026-05-08 09:36:35', '1', '1111', 'gambar_anggota/img5.jpg.jpg'),
('53301100127', 'Kartu Pelajar', 'meow', 'meow', '1', 'Laki-laki', '0011-11-11', '1', '1', '2023-05-08 09:40:44', '2026-05-08 09:40:44', '1', '$2y$10$/dQj.BiRjblp3TI0AnMRY.EebETIT9jZllDxtV.dfA2', 'gambar_anggota/img7.jpg.jpg'),
('53301100128', 'Kartu Pelajar', '09', 'mu', '19', 'Laki-laki', '1111-11-11', '1', '1', '2023-05-08 09:51:06', '2026-05-08 09:51:06', '1', '$2y$10$3eyZWHYZX/zqgiIujCdrVe.F73vVCKyXfx1IyNIYmhz', 'gambar_anggota/img5.jpg.jpg'),
('53301100129', 'Kartu Pelajar', '1', '1', '1', 'Laki-laki', '1111-11-11', '1', '1', '2023-05-08 09:52:04', '2026-05-08 09:52:04', '1', '$2y$10$4289kNJkGFGfLohUV9F0ZehPhr8FrPMH6VTX96G2RPb', 'gambar_anggota/img2.jpg.jpg'),
('53301100130', 'Kartu Pelajar', '1', '1', '1', 'Laki-laki', '0011-11-11', '1', '1', '2023-05-08 10:10:41', '2026-05-08 10:10:41', '1', '$2y$10$X9Bm08mTuI8dzPGNLb7UeuSDb9.V5GGLKZWn7nIKZhM', 'gambar_anggota/img6.jpg.jpg'),
('53301100131', 'Kartu Pelajar', '9', '9', '9', 'Laki-laki', '9999-09-09', '9', '9', '2023-05-08 10:21:25', '2026-05-08 10:21:25', '9', '45c48cce2e2d7fbdea1afc51c7c6ad26', 'gambar_anggota/img7.jpg.jpg'),
('53301100132', 'Kartu Pelajar', '1', '1', '1', 'Laki-laki', '0111-11-11', '1', '1', '2023-05-08 10:28:51', '2026-05-08 10:28:51', '1', 'c4ca4238a0b923820dcc509a6f75849b', 'gambar_anggota/img7.jpg.jpg'),
('53301100133', 'Kartu Pelajar', '1', 'six', '1', 'Laki-laki', '1111-11-11', '1', '1', '2023-05-08 11:33:00', '2026-05-08 11:33:00', '1', 'c4ca4238a0b923820dcc509a6f75849b', 'gambar_anggota/5190311042.jpg.jpg'),
('53301100134', 'Kartu Pelajar', '1', '1', '1', 'Laki-laki', '0001-01-01', '1', '1', '2023-05-08 23:20:06', '2026-05-08 23:20:06', '1', 'b59c67bf196a4758191e42f76670ceba', 'gambar_anggota/img7.jpg.jpg'),
('53301100135', 'Kartu Pelajar', '1', '1', '1', 'Laki-laki', '0001-11-11', '1', '1', '2023-05-08 23:41:18', '2026-05-08 23:41:18', '1', 'b9e012aa371fdeae80b50f790ff04be3', 'gambar_anggota/img5.jpg.jpg'),
('53301100136', '', '1', '1', '1', 'Laki-laki', '0001-11-11', '1', '1', '2023-05-08 23:45:29', '2026-05-08 23:45:29', '1', 'b6d767d2f8ed5d21a44b0e5886680cb9', 'gambar_anggota/img4.jpg.jpg'),
('53301100137', '', '1', '1', '1', 'Laki-laki', '0001-01-01', '1', '1', '2023-05-08 23:50:20', '2026-05-08 23:50:20', '1', 'd41d8cd98f00b204e9800998ecf8427e', 'gambar_anggota/img1.jpg.jpg'),
('53301100138', 'Kartu Pelajar', '1', '1', '1', 'Laki-laki', '0001-01-01', '1', '1', '2023-05-09 00:14:13', '2026-05-09 00:14:13', '1', '1bbd886460827015e5d605ed44252251', 'gambar_anggota/img6.jpg.jpg'),
('53301100139', 'Kartu Pelajar', '1', '1', '1', 'Laki-laki', '0001-01-01', '1', '1', '2023-05-09 00:35:32', '2026-05-09 00:35:32', '1', '25d55ad283aa400af464c76d713c07ad', 'gambar_anggota/img6.jpg.jpg'),
('53301100140', 'Kartu Pelajar', '5190311042', 'Baggi', '0192029200', 'Laki-laki', '1111-11-11', '1', '1', '2023-05-09 10:54:28', '2026-05-09 10:54:28', '1', '25d55ad283aa400af464c76d713c07ad', 'gambar_anggota/img6.jpg.jpg'),
('53301100141', 'KTP', '123', 'Nana', '087263542123', 'Perempuan', '1988-10-11', 'Kebumen', 'Kebumen', '2023-05-16 10:50:48', '2026-05-16 10:50:48', 'nana@gmail.com', '25d55ad283aa400af464c76d713c07ad', 'gambar_anggota/img6.jpg.jpg'),
('53301100142', 'Kartu Pelajar', '1', 'Gerina', '1', 'Laki-laki', '0011-11-11', '1', '1', '2023-05-16 11:21:11', '2026-05-16 11:21:11', '1', '25d55ad283aa400af464c76d713c07ad', 'gambar_anggota/img6.jpg.jpg'),
('53301100143', 'KTP', '368831582595', 'Yuliaka Sina', '081726352435', 'Perempuan', '2001-12-23', 'Kebumen', 'Jl Merpati no 90', '2023-01-08 15:18:10', '0000-00-00 00:00:00', 'sina0919@gmail.com', 'sina123456', NULL);

--
-- Triggers `pemustaka`
--
DELIMITER $$
CREATE TRIGGER `edit_pemustaka` AFTER UPDATE ON `pemustaka` FOR EACH ROW BEGIN INSERT INTO log_pemustaka  
SET nomor_anggota = old.id, no_hp_lama = old.no_hp, no_hp_baru = new.no_hp,calamat_lama = old.alamat, alamat_baru = new.alamat, email_lama = old.email, email_baru = new.email, pass_lama = old.password, pass_baru = new.password, 
waktu = NOW(); 
END
$$
DELIMITER ;

-- --------------------------------------------------------

--
-- Table structure for table `pustakawan`
--

CREATE TABLE `pustakawan` (
  `id` char(12) NOT NULL,
  `nama` varchar(50) DEFAULT NULL,
  `jenis_kelamin` enum('Laki-laki','Perempuan') DEFAULT NULL,
  `tgl_lahir` date DEFAULT NULL,
  `no_hp` char(13) DEFAULT NULL,
  `email` varchar(50) DEFAULT NULL,
  `password` varchar(50) NOT NULL,
  `foto` varchar(255) DEFAULT NULL
) ENGINE=InnoDB DEFAULT CHARSET=utf8mb4 COLLATE=utf8mb4_general_ci;

--
-- Dumping data for table `pustakawan`
--

INSERT INTO `pustakawan` (`id`, `nama`, `jenis_kelamin`, `tgl_lahir`, `no_hp`, `email`, `password`, `foto`) VALUES
('233531000001', 'Terisna Nulea', 'Laki-laki', NULL, '0815263524321', 'tesina@gmail.com', 'tesinaa123', ''),
('233531000002', 'Suhirto', 'Laki-laki', NULL, '081283928392', 'suhir@gmail.com', 'suhirto11133', NULL),
('233531000003', 'Joko Sirko', 'Laki-laki', NULL, '089172834721', 'joko12@gmail.com', 'djoko12312', NULL),
('233531000004', 'Hebina Sintita', 'Perempuan', NULL, '081819238234', 'hbinasin@gmail.com', 'hevinaa2922', NULL),
('233531000005', 'Bermina Fromena', 'Laki-laki', NULL, '0817263546322', 'bermina12@gmai.com', 'bermnaaa123', NULL),
('233531000006', 'Mindadn', 'Laki-laki', NULL, '1313', '818181', '181818', ''),
('233531000007', 'TYawda', 'Perempuan', NULL, '0909', '0', '090', 'gambar_admin/sss.jpeg.jpeg'),
('233531000008', 'Yus', 'Perempuan', NULL, '089152635231', 'jjj@jjj.com', '0101', 'gambar_admin/4.jpg.jpg'),
('233531000009', 'mick onaa', 'Laki-laki', NULL, '0182828282828', 'mmm', 'mmm', 'gambar_admin/avatar5.jpg.jpg'),
('233531000010', 'Susilo', 'Laki-laki', '0001-01-01', '1', '111@111.com', '5ff8143e5a63a846e0f6650f8f1a2d24', 'gambar_admin/img3.jpg.jpg'),
('233531000011', 'd', 'Laki-laki', '1111-11-11', '1', '1@a.com', '25d55ad283aa400af464c76d713c07ad', 'gambar_admin/img7.jpg.jpg'),
('233531000012', 'Beosk', 'Laki-laki', '2023-05-29', '123', '123@123.com', '25f9e794323b453885f5181f1b624d0b', 'gambar_admin/img1.jpg');

-- --------------------------------------------------------

--
-- Structure for view `detail_pelanggaran`
--
DROP TABLE IF EXISTS `detail_pelanggaran`;

CREATE ALGORITHM=UNDEFINED DEFINER=`root`@`localhost` SQL SECURITY DEFINER VIEW `detail_pelanggaran`  AS   (select `peminjaman`.`kd_peminjaman` AS `kd_peminjaman`,`peminjaman`.`id` AS `id`,`peminjaman`.`tgl_peminjaman` AS `tgl_peminjaman`,`peminjaman`.`tgl_jatuh_tempo` AS `tgl_jatuh_tempo`,`peminjaman`.`tgl_kembali` AS `tgl_kembali`,`peminjaman`.`status` AS `status`,`peminjaman`.`hari_terlambat` AS `hari_terlambat`,`peminjaman`.`jml_denda` AS `jml_denda` from `peminjaman` where `peminjaman`.`hari_terlambat` > 0)  ;

-- --------------------------------------------------------

--
-- Structure for view `detail_pemesanan`
--
DROP TABLE IF EXISTS `detail_pemesanan`;

CREATE ALGORITHM=UNDEFINED DEFINER=`root`@`localhost` SQL SECURITY DEFINER VIEW `detail_pemesanan`  AS   (select `pemesanan`.`kd_pemesanan` AS `kd_pemesanan`,`pemesanan`.`kd_metode_sirkulasi` AS `kd_metode_sirkulasi`,`pemesanan`.`id` AS `id`,`pemesanan`.`tgl_pemesanan` AS `tgl_pemesanan`,`pemesanan`.`tgl_batas_pemesanan` AS `tgl_batas_pemesanan`,`pemesanan`.`status` AS `status` from `pemesanan`)  ;

-- --------------------------------------------------------

--
-- Structure for view `detail_peminjaman`
--
DROP TABLE IF EXISTS `detail_peminjaman`;

CREATE ALGORITHM=UNDEFINED DEFINER=`root`@`localhost` SQL SECURITY DEFINER VIEW `detail_peminjaman`  AS   (select `peminjaman`.`kd_peminjaman` AS `kd_peminjaman`,`peminjaman`.`tgl_peminjaman` AS `tgl_peminjaman`,`peminjaman`.`tgl_jatuh_tempo` AS `tgl_jatuh_tempo`,`peminjaman`.`status` AS `status` from `peminjaman`)  ;

-- --------------------------------------------------------

--
-- Structure for view `detail_pengembalian`
--
DROP TABLE IF EXISTS `detail_pengembalian`;

CREATE ALGORITHM=UNDEFINED DEFINER=`root`@`localhost` SQL SECURITY DEFINER VIEW `detail_pengembalian`  AS   (select `peminjaman`.`kd_peminjaman` AS `kd_peminjaman`,`peminjaman`.`id` AS `id`,`peminjaman`.`tgl_peminjaman` AS `tgl_peminjaman`,`peminjaman`.`tgl_jatuh_tempo` AS `tgl_jatuh_tempo`,`peminjaman`.`tgl_kembali` AS `tgl_kembali`,`peminjaman`.`kondisi` AS `kondisi`,`peminjaman`.`status` AS `status` from `peminjaman`)  ;

--
-- Indexes for dumped tables
--

--
-- Indexes for table `cart`
--
ALTER TABLE `cart`
  ADD PRIMARY KEY (`id_cart`),
  ADD KEY `nomor_induk` (`nomor_induk`),
  ADD KEY `id_pemustaka` (`id_pemustaka`);

--
-- Indexes for table `jenis_koleksi`
--
ALTER TABLE `jenis_koleksi`
  ADD PRIMARY KEY (`kd_jenis_koleksi`);

--
-- Indexes for table `koleksi`
--
ALTER TABLE `koleksi`
  ADD PRIMARY KEY (`nomor_induk`),
  ADD KEY `koleksi_ibfk_1` (`kd_jenis_koleksi`);

--
-- Indexes for table `log_delete_koleksi`
--
ALTER TABLE `log_delete_koleksi`
  ADD KEY `log_delete_ibfk_1` (`nomor_induk`);

--
-- Indexes for table `log_koleksi`
--
ALTER TABLE `log_koleksi`
  ADD KEY `log_ibfk_1` (`nomor_induk`);

--
-- Indexes for table `log_pemustaka`
--
ALTER TABLE `log_pemustaka`
  ADD KEY `log_pemustaka_ibfk_1` (`id`);

--
-- Indexes for table `metode_sirkulasi`
--
ALTER TABLE `metode_sirkulasi`
  ADD PRIMARY KEY (`kd_metode_sirkulasi`);

--
-- Indexes for table `pemesanan`
--
ALTER TABLE `pemesanan`
  ADD PRIMARY KEY (`kd_pemesanan`),
  ADD KEY `kd_metode_sirkulasi` (`kd_metode_sirkulasi`),
  ADD KEY `nomor_anggota` (`id`);

--
-- Indexes for table `pemesanan_koleksi`
--
ALTER TABLE `pemesanan_koleksi`
  ADD KEY `kd_pemesanan` (`kd_pemesanan`),
  ADD KEY `nomor_induk` (`nomor_induk`);

--
-- Indexes for table `peminjaman`
--
ALTER TABLE `peminjaman`
  ADD PRIMARY KEY (`kd_peminjaman`),
  ADD KEY `kd_metode_sirkulasi` (`kd_metode_sirkulasi`),
  ADD KEY `id` (`id`),
  ADD KEY `id_pustakawan` (`id_pustakawan`),
  ADD KEY `kd_pemesanan` (`kd_pemesanan`);

--
-- Indexes for table `peminjaman_koleksi`
--
ALTER TABLE `peminjaman_koleksi`
  ADD KEY `kd_peminjaman` (`kd_peminjaman`),
  ADD KEY `nomor_induk` (`nomor_induk`);

--
-- Indexes for table `pemustaka`
--
ALTER TABLE `pemustaka`
  ADD PRIMARY KEY (`id`);

--
-- Indexes for table `pustakawan`
--
ALTER TABLE `pustakawan`
  ADD PRIMARY KEY (`id`);

--
-- AUTO_INCREMENT for dumped tables
--

--
-- AUTO_INCREMENT for table `cart`
--
ALTER TABLE `cart`
  MODIFY `id_cart` int(11) NOT NULL AUTO_INCREMENT, AUTO_INCREMENT=156;

--
-- Constraints for dumped tables
--

--
-- Constraints for table `cart`
--
ALTER TABLE `cart`
  ADD CONSTRAINT `cart_ibfk_1` FOREIGN KEY (`nomor_induk`) REFERENCES `koleksi` (`nomor_induk`) ON DELETE CASCADE ON UPDATE CASCADE,
  ADD CONSTRAINT `cart_ibfk_2` FOREIGN KEY (`id_pemustaka`) REFERENCES `pemustaka` (`id`) ON DELETE CASCADE ON UPDATE CASCADE;

--
-- Constraints for table `koleksi`
--
ALTER TABLE `koleksi`
  ADD CONSTRAINT `koleksi_ibfk_1` FOREIGN KEY (`kd_jenis_koleksi`) REFERENCES `jenis_koleksi` (`kd_jenis_koleksi`);

--
-- Constraints for table `log_koleksi`
--
ALTER TABLE `log_koleksi`
  ADD CONSTRAINT `log_ibfk_1` FOREIGN KEY (`nomor_induk`) REFERENCES `koleksi` (`nomor_induk`) ON DELETE CASCADE ON UPDATE CASCADE;

--
-- Constraints for table `log_pemustaka`
--
ALTER TABLE `log_pemustaka`
  ADD CONSTRAINT `log_pemustaka_ibfk_1` FOREIGN KEY (`id`) REFERENCES `pemustaka` (`id`) ON DELETE CASCADE ON UPDATE CASCADE;

--
-- Constraints for table `pemesanan`
--
ALTER TABLE `pemesanan`
  ADD CONSTRAINT `pemesanan_ibfk_1` FOREIGN KEY (`kd_metode_sirkulasi`) REFERENCES `metode_sirkulasi` (`kd_metode_sirkulasi`) ON DELETE CASCADE ON UPDATE CASCADE,
  ADD CONSTRAINT `pemesanan_ibfk_2` FOREIGN KEY (`id`) REFERENCES `pemustaka` (`id`) ON DELETE CASCADE ON UPDATE CASCADE;

--
-- Constraints for table `pemesanan_koleksi`
--
ALTER TABLE `pemesanan_koleksi`
  ADD CONSTRAINT `pemesanan_koleksi_ibfk_1` FOREIGN KEY (`kd_pemesanan`) REFERENCES `pemesanan` (`kd_pemesanan`) ON DELETE CASCADE ON UPDATE CASCADE,
  ADD CONSTRAINT `pemesanan_koleksi_ibfk_2` FOREIGN KEY (`nomor_induk`) REFERENCES `koleksi` (`nomor_induk`) ON DELETE CASCADE ON UPDATE CASCADE;

--
-- Constraints for table `peminjaman`
--
ALTER TABLE `peminjaman`
  ADD CONSTRAINT `peminjaman_ibfk_1` FOREIGN KEY (`kd_metode_sirkulasi`) REFERENCES `metode_sirkulasi` (`kd_metode_sirkulasi`) ON DELETE CASCADE ON UPDATE CASCADE,
  ADD CONSTRAINT `peminjaman_ibfk_3` FOREIGN KEY (`id`) REFERENCES `pemustaka` (`id`) ON DELETE CASCADE ON UPDATE CASCADE,
  ADD CONSTRAINT `peminjaman_ibfk_4` FOREIGN KEY (`id_pustakawan`) REFERENCES `pustakawan` (`id`) ON DELETE CASCADE ON UPDATE CASCADE,
  ADD CONSTRAINT `peminjaman_ibfk_5` FOREIGN KEY (`kd_pemesanan`) REFERENCES `pemesanan` (`kd_pemesanan`) ON DELETE CASCADE ON UPDATE CASCADE;

--
-- Constraints for table `peminjaman_koleksi`
--
ALTER TABLE `peminjaman_koleksi`
  ADD CONSTRAINT `peminjaman_koleksi_ibfk_1` FOREIGN KEY (`kd_peminjaman`) REFERENCES `peminjaman` (`kd_peminjaman`) ON DELETE CASCADE ON UPDATE CASCADE,
  ADD CONSTRAINT `peminjaman_koleksi_ibfk_3` FOREIGN KEY (`nomor_induk`) REFERENCES `koleksi` (`nomor_induk`) ON DELETE CASCADE ON UPDATE CASCADE;
COMMIT;

/*!40101 SET CHARACTER_SET_CLIENT=@OLD_CHARACTER_SET_CLIENT */;
/*!40101 SET CHARACTER_SET_RESULTS=@OLD_CHARACTER_SET_RESULTS */;
/*!40101 SET COLLATION_CONNECTION=@OLD_COLLATION_CONNECTION */;
